--
-- PostgreSQL database dump
--

SET statement_timeout = 0;
SET client_encoding = 'UTF8';
SET standard_conforming_strings = off;
SET check_function_bodies = false;
SET client_min_messages = warning;
SET escape_string_warning = off;

SET search_path = public, pg_catalog;

SET default_tablespace = '';

SET default_with_oids = false;

--
-- Name: auth_group; Type: TABLE; Schema: public; Owner: fujimo; Tablespace: 
--

CREATE TABLE auth_group (
    id integer NOT NULL,
    name character varying(80) NOT NULL
);


ALTER TABLE public.auth_group OWNER TO fujimo;

--
-- Name: auth_group_id_seq; Type: SEQUENCE; Schema: public; Owner: fujimo
--

CREATE SEQUENCE auth_group_id_seq
    START WITH 1
    INCREMENT BY 1
    NO MAXVALUE
    NO MINVALUE
    CACHE 1;


ALTER TABLE public.auth_group_id_seq OWNER TO fujimo;

--
-- Name: auth_group_id_seq; Type: SEQUENCE OWNED BY; Schema: public; Owner: fujimo
--

ALTER SEQUENCE auth_group_id_seq OWNED BY auth_group.id;


--
-- Name: auth_group_id_seq; Type: SEQUENCE SET; Schema: public; Owner: fujimo
--

SELECT pg_catalog.setval('auth_group_id_seq', 1, false);


--
-- Name: auth_group_permissions; Type: TABLE; Schema: public; Owner: fujimo; Tablespace: 
--

CREATE TABLE auth_group_permissions (
    id integer NOT NULL,
    group_id integer NOT NULL,
    permission_id integer NOT NULL
);


ALTER TABLE public.auth_group_permissions OWNER TO fujimo;

--
-- Name: auth_group_permissions_id_seq; Type: SEQUENCE; Schema: public; Owner: fujimo
--

CREATE SEQUENCE auth_group_permissions_id_seq
    START WITH 1
    INCREMENT BY 1
    NO MAXVALUE
    NO MINVALUE
    CACHE 1;


ALTER TABLE public.auth_group_permissions_id_seq OWNER TO fujimo;

--
-- Name: auth_group_permissions_id_seq; Type: SEQUENCE OWNED BY; Schema: public; Owner: fujimo
--

ALTER SEQUENCE auth_group_permissions_id_seq OWNED BY auth_group_permissions.id;


--
-- Name: auth_group_permissions_id_seq; Type: SEQUENCE SET; Schema: public; Owner: fujimo
--

SELECT pg_catalog.setval('auth_group_permissions_id_seq', 1, false);


--
-- Name: auth_message; Type: TABLE; Schema: public; Owner: fujimo; Tablespace: 
--

CREATE TABLE auth_message (
    id integer NOT NULL,
    user_id integer NOT NULL,
    message text NOT NULL
);


ALTER TABLE public.auth_message OWNER TO fujimo;

--
-- Name: auth_message_id_seq; Type: SEQUENCE; Schema: public; Owner: fujimo
--

CREATE SEQUENCE auth_message_id_seq
    START WITH 1
    INCREMENT BY 1
    NO MAXVALUE
    NO MINVALUE
    CACHE 1;


ALTER TABLE public.auth_message_id_seq OWNER TO fujimo;

--
-- Name: auth_message_id_seq; Type: SEQUENCE OWNED BY; Schema: public; Owner: fujimo
--

ALTER SEQUENCE auth_message_id_seq OWNED BY auth_message.id;


--
-- Name: auth_message_id_seq; Type: SEQUENCE SET; Schema: public; Owner: fujimo
--

SELECT pg_catalog.setval('auth_message_id_seq', 17, true);


--
-- Name: auth_permission; Type: TABLE; Schema: public; Owner: fujimo; Tablespace: 
--

CREATE TABLE auth_permission (
    id integer NOT NULL,
    name character varying(50) NOT NULL,
    content_type_id integer NOT NULL,
    codename character varying(100) NOT NULL
);


ALTER TABLE public.auth_permission OWNER TO fujimo;

--
-- Name: auth_permission_id_seq; Type: SEQUENCE; Schema: public; Owner: fujimo
--

CREATE SEQUENCE auth_permission_id_seq
    START WITH 1
    INCREMENT BY 1
    NO MAXVALUE
    NO MINVALUE
    CACHE 1;


ALTER TABLE public.auth_permission_id_seq OWNER TO fujimo;

--
-- Name: auth_permission_id_seq; Type: SEQUENCE OWNED BY; Schema: public; Owner: fujimo
--

ALTER SEQUENCE auth_permission_id_seq OWNED BY auth_permission.id;


--
-- Name: auth_permission_id_seq; Type: SEQUENCE SET; Schema: public; Owner: fujimo
--

SELECT pg_catalog.setval('auth_permission_id_seq', 45, true);


--
-- Name: auth_user; Type: TABLE; Schema: public; Owner: fujimo; Tablespace: 
--

CREATE TABLE auth_user (
    id integer NOT NULL,
    username character varying(30) NOT NULL,
    first_name character varying(30) NOT NULL,
    last_name character varying(30) NOT NULL,
    email character varying(75) NOT NULL,
    password character varying(128) NOT NULL,
    is_staff boolean NOT NULL,
    is_active boolean NOT NULL,
    is_superuser boolean NOT NULL,
    last_login timestamp with time zone NOT NULL,
    date_joined timestamp with time zone NOT NULL
);


ALTER TABLE public.auth_user OWNER TO fujimo;

--
-- Name: auth_user_groups; Type: TABLE; Schema: public; Owner: fujimo; Tablespace: 
--

CREATE TABLE auth_user_groups (
    id integer NOT NULL,
    user_id integer NOT NULL,
    group_id integer NOT NULL
);


ALTER TABLE public.auth_user_groups OWNER TO fujimo;

--
-- Name: auth_user_groups_id_seq; Type: SEQUENCE; Schema: public; Owner: fujimo
--

CREATE SEQUENCE auth_user_groups_id_seq
    START WITH 1
    INCREMENT BY 1
    NO MAXVALUE
    NO MINVALUE
    CACHE 1;


ALTER TABLE public.auth_user_groups_id_seq OWNER TO fujimo;

--
-- Name: auth_user_groups_id_seq; Type: SEQUENCE OWNED BY; Schema: public; Owner: fujimo
--

ALTER SEQUENCE auth_user_groups_id_seq OWNED BY auth_user_groups.id;


--
-- Name: auth_user_groups_id_seq; Type: SEQUENCE SET; Schema: public; Owner: fujimo
--

SELECT pg_catalog.setval('auth_user_groups_id_seq', 1, false);


--
-- Name: auth_user_id_seq; Type: SEQUENCE; Schema: public; Owner: fujimo
--

CREATE SEQUENCE auth_user_id_seq
    START WITH 1
    INCREMENT BY 1
    NO MAXVALUE
    NO MINVALUE
    CACHE 1;


ALTER TABLE public.auth_user_id_seq OWNER TO fujimo;

--
-- Name: auth_user_id_seq; Type: SEQUENCE OWNED BY; Schema: public; Owner: fujimo
--

ALTER SEQUENCE auth_user_id_seq OWNED BY auth_user.id;


--
-- Name: auth_user_id_seq; Type: SEQUENCE SET; Schema: public; Owner: fujimo
--

SELECT pg_catalog.setval('auth_user_id_seq', 7, true);


--
-- Name: auth_user_user_permissions; Type: TABLE; Schema: public; Owner: fujimo; Tablespace: 
--

CREATE TABLE auth_user_user_permissions (
    id integer NOT NULL,
    user_id integer NOT NULL,
    permission_id integer NOT NULL
);


ALTER TABLE public.auth_user_user_permissions OWNER TO fujimo;

--
-- Name: auth_user_user_permissions_id_seq; Type: SEQUENCE; Schema: public; Owner: fujimo
--

CREATE SEQUENCE auth_user_user_permissions_id_seq
    START WITH 1
    INCREMENT BY 1
    NO MAXVALUE
    NO MINVALUE
    CACHE 1;


ALTER TABLE public.auth_user_user_permissions_id_seq OWNER TO fujimo;

--
-- Name: auth_user_user_permissions_id_seq; Type: SEQUENCE OWNED BY; Schema: public; Owner: fujimo
--

ALTER SEQUENCE auth_user_user_permissions_id_seq OWNED BY auth_user_user_permissions.id;


--
-- Name: auth_user_user_permissions_id_seq; Type: SEQUENCE SET; Schema: public; Owner: fujimo
--

SELECT pg_catalog.setval('auth_user_user_permissions_id_seq', 177, true);


--
-- Name: book_category; Type: TABLE; Schema: public; Owner: fujimo; Tablespace: 
--

CREATE TABLE book_category (
    id integer NOT NULL,
    name character varying(100) NOT NULL,
    url_name character varying(100) NOT NULL
);


ALTER TABLE public.book_category OWNER TO fujimo;

--
-- Name: book_category_id_seq; Type: SEQUENCE; Schema: public; Owner: fujimo
--

CREATE SEQUENCE book_category_id_seq
    START WITH 1
    INCREMENT BY 1
    NO MAXVALUE
    NO MINVALUE
    CACHE 1;


ALTER TABLE public.book_category_id_seq OWNER TO fujimo;

--
-- Name: book_category_id_seq; Type: SEQUENCE OWNED BY; Schema: public; Owner: fujimo
--

ALTER SEQUENCE book_category_id_seq OWNED BY book_category.id;


--
-- Name: book_category_id_seq; Type: SEQUENCE SET; Schema: public; Owner: fujimo
--

SELECT pg_catalog.setval('book_category_id_seq', 4, true);


--
-- Name: book_entry; Type: TABLE; Schema: public; Owner: fujimo; Tablespace: 
--

CREATE TABLE book_entry (
    id integer NOT NULL,
    title character varying(100) NOT NULL,
    url_title character varying(100) NOT NULL,
    category_id integer NOT NULL,
    subcategory_id integer NOT NULL
);


ALTER TABLE public.book_entry OWNER TO fujimo;

--
-- Name: book_entry_detail; Type: TABLE; Schema: public; Owner: fujimo; Tablespace: 
--

CREATE TABLE book_entry_detail (
    id integer NOT NULL,
    entry_id integer NOT NULL,
    volume integer NOT NULL,
    pdf_size integer NOT NULL,
    epud_size integer NOT NULL,
    total_page integer NOT NULL,
    writer_id integer NOT NULL,
    publisher_id integer NOT NULL,
    description text NOT NULL,
    create_date timestamp with time zone NOT NULL,
    update_date timestamp with time zone NOT NULL,
    exit_pdf boolean NOT NULL,
    exit_epud boolean NOT NULL
);


ALTER TABLE public.book_entry_detail OWNER TO fujimo;

--
-- Name: book_entry_detail_id_seq; Type: SEQUENCE; Schema: public; Owner: fujimo
--

CREATE SEQUENCE book_entry_detail_id_seq
    START WITH 1
    INCREMENT BY 1
    NO MAXVALUE
    NO MINVALUE
    CACHE 1;


ALTER TABLE public.book_entry_detail_id_seq OWNER TO fujimo;

--
-- Name: book_entry_detail_id_seq; Type: SEQUENCE OWNED BY; Schema: public; Owner: fujimo
--

ALTER SEQUENCE book_entry_detail_id_seq OWNED BY book_entry_detail.id;


--
-- Name: book_entry_detail_id_seq; Type: SEQUENCE SET; Schema: public; Owner: fujimo
--

SELECT pg_catalog.setval('book_entry_detail_id_seq', 540, true);


--
-- Name: book_entry_id_seq; Type: SEQUENCE; Schema: public; Owner: fujimo
--

CREATE SEQUENCE book_entry_id_seq
    START WITH 1
    INCREMENT BY 1
    NO MAXVALUE
    NO MINVALUE
    CACHE 1;


ALTER TABLE public.book_entry_id_seq OWNER TO fujimo;

--
-- Name: book_entry_id_seq; Type: SEQUENCE OWNED BY; Schema: public; Owner: fujimo
--

ALTER SEQUENCE book_entry_id_seq OWNED BY book_entry.id;


--
-- Name: book_entry_id_seq; Type: SEQUENCE SET; Schema: public; Owner: fujimo
--

SELECT pg_catalog.setval('book_entry_id_seq', 54, true);


--
-- Name: book_publisher; Type: TABLE; Schema: public; Owner: fujimo; Tablespace: 
--

CREATE TABLE book_publisher (
    id integer NOT NULL,
    name character varying(100) NOT NULL
);


ALTER TABLE public.book_publisher OWNER TO fujimo;

--
-- Name: book_publisher_id_seq; Type: SEQUENCE; Schema: public; Owner: fujimo
--

CREATE SEQUENCE book_publisher_id_seq
    START WITH 1
    INCREMENT BY 1
    NO MAXVALUE
    NO MINVALUE
    CACHE 1;


ALTER TABLE public.book_publisher_id_seq OWNER TO fujimo;

--
-- Name: book_publisher_id_seq; Type: SEQUENCE OWNED BY; Schema: public; Owner: fujimo
--

ALTER SEQUENCE book_publisher_id_seq OWNED BY book_publisher.id;


--
-- Name: book_publisher_id_seq; Type: SEQUENCE SET; Schema: public; Owner: fujimo
--

SELECT pg_catalog.setval('book_publisher_id_seq', 21, true);


--
-- Name: book_subcategory; Type: TABLE; Schema: public; Owner: fujimo; Tablespace: 
--

CREATE TABLE book_subcategory (
    id integer NOT NULL,
    name character varying(100) NOT NULL,
    url_name character varying(100) NOT NULL,
    category_id integer NOT NULL
);


ALTER TABLE public.book_subcategory OWNER TO fujimo;

--
-- Name: book_subcategory_id_seq; Type: SEQUENCE; Schema: public; Owner: fujimo
--

CREATE SEQUENCE book_subcategory_id_seq
    START WITH 1
    INCREMENT BY 1
    NO MAXVALUE
    NO MINVALUE
    CACHE 1;


ALTER TABLE public.book_subcategory_id_seq OWNER TO fujimo;

--
-- Name: book_subcategory_id_seq; Type: SEQUENCE OWNED BY; Schema: public; Owner: fujimo
--

ALTER SEQUENCE book_subcategory_id_seq OWNED BY book_subcategory.id;


--
-- Name: book_subcategory_id_seq; Type: SEQUENCE SET; Schema: public; Owner: fujimo
--

SELECT pg_catalog.setval('book_subcategory_id_seq', 18, true);


--
-- Name: book_writer; Type: TABLE; Schema: public; Owner: fujimo; Tablespace: 
--

CREATE TABLE book_writer (
    id integer NOT NULL,
    name character varying(100) NOT NULL
);


ALTER TABLE public.book_writer OWNER TO fujimo;

--
-- Name: book_writer_id_seq; Type: SEQUENCE; Schema: public; Owner: fujimo
--

CREATE SEQUENCE book_writer_id_seq
    START WITH 1
    INCREMENT BY 1
    NO MAXVALUE
    NO MINVALUE
    CACHE 1;


ALTER TABLE public.book_writer_id_seq OWNER TO fujimo;

--
-- Name: book_writer_id_seq; Type: SEQUENCE OWNED BY; Schema: public; Owner: fujimo
--

ALTER SEQUENCE book_writer_id_seq OWNED BY book_writer.id;


--
-- Name: book_writer_id_seq; Type: SEQUENCE SET; Schema: public; Owner: fujimo
--

SELECT pg_catalog.setval('book_writer_id_seq', 41, true);


--
-- Name: django_admin_log; Type: TABLE; Schema: public; Owner: fujimo; Tablespace: 
--

CREATE TABLE django_admin_log (
    id integer NOT NULL,
    action_time timestamp with time zone NOT NULL,
    user_id integer NOT NULL,
    content_type_id integer,
    object_id text,
    object_repr character varying(200) NOT NULL,
    action_flag smallint NOT NULL,
    change_message text NOT NULL,
    CONSTRAINT django_admin_log_action_flag_check CHECK ((action_flag >= 0))
);


ALTER TABLE public.django_admin_log OWNER TO fujimo;

--
-- Name: django_admin_log_id_seq; Type: SEQUENCE; Schema: public; Owner: fujimo
--

CREATE SEQUENCE django_admin_log_id_seq
    START WITH 1
    INCREMENT BY 1
    NO MAXVALUE
    NO MINVALUE
    CACHE 1;


ALTER TABLE public.django_admin_log_id_seq OWNER TO fujimo;

--
-- Name: django_admin_log_id_seq; Type: SEQUENCE OWNED BY; Schema: public; Owner: fujimo
--

ALTER SEQUENCE django_admin_log_id_seq OWNED BY django_admin_log.id;


--
-- Name: django_admin_log_id_seq; Type: SEQUENCE SET; Schema: public; Owner: fujimo
--

SELECT pg_catalog.setval('django_admin_log_id_seq', 17, true);


--
-- Name: django_content_type; Type: TABLE; Schema: public; Owner: fujimo; Tablespace: 
--

CREATE TABLE django_content_type (
    id integer NOT NULL,
    name character varying(100) NOT NULL,
    app_label character varying(100) NOT NULL,
    model character varying(100) NOT NULL
);


ALTER TABLE public.django_content_type OWNER TO fujimo;

--
-- Name: django_content_type_id_seq; Type: SEQUENCE; Schema: public; Owner: fujimo
--

CREATE SEQUENCE django_content_type_id_seq
    START WITH 1
    INCREMENT BY 1
    NO MAXVALUE
    NO MINVALUE
    CACHE 1;


ALTER TABLE public.django_content_type_id_seq OWNER TO fujimo;

--
-- Name: django_content_type_id_seq; Type: SEQUENCE OWNED BY; Schema: public; Owner: fujimo
--

ALTER SEQUENCE django_content_type_id_seq OWNED BY django_content_type.id;


--
-- Name: django_content_type_id_seq; Type: SEQUENCE SET; Schema: public; Owner: fujimo
--

SELECT pg_catalog.setval('django_content_type_id_seq', 15, true);


--
-- Name: django_session; Type: TABLE; Schema: public; Owner: fujimo; Tablespace: 
--

CREATE TABLE django_session (
    session_key character varying(40) NOT NULL,
    session_data text NOT NULL,
    expire_date timestamp with time zone NOT NULL
);


ALTER TABLE public.django_session OWNER TO fujimo;

--
-- Name: django_site; Type: TABLE; Schema: public; Owner: fujimo; Tablespace: 
--

CREATE TABLE django_site (
    id integer NOT NULL,
    domain character varying(100) NOT NULL,
    name character varying(50) NOT NULL
);


ALTER TABLE public.django_site OWNER TO fujimo;

--
-- Name: django_site_id_seq; Type: SEQUENCE; Schema: public; Owner: fujimo
--

CREATE SEQUENCE django_site_id_seq
    START WITH 1
    INCREMENT BY 1
    NO MAXVALUE
    NO MINVALUE
    CACHE 1;


ALTER TABLE public.django_site_id_seq OWNER TO fujimo;

--
-- Name: django_site_id_seq; Type: SEQUENCE OWNED BY; Schema: public; Owner: fujimo
--

ALTER SEQUENCE django_site_id_seq OWNED BY django_site.id;


--
-- Name: django_site_id_seq; Type: SEQUENCE SET; Schema: public; Owner: fujimo
--

SELECT pg_catalog.setval('django_site_id_seq', 1, true);


--
-- Name: top_whatnew; Type: TABLE; Schema: public; Owner: fujimo; Tablespace: 
--

CREATE TABLE top_whatnew (
    id integer NOT NULL,
    regist_date timestamp with time zone NOT NULL,
    content text NOT NULL
);


ALTER TABLE public.top_whatnew OWNER TO fujimo;

--
-- Name: top_whatnew_id_seq; Type: SEQUENCE; Schema: public; Owner: fujimo
--

CREATE SEQUENCE top_whatnew_id_seq
    START WITH 1
    INCREMENT BY 1
    NO MAXVALUE
    NO MINVALUE
    CACHE 1;


ALTER TABLE public.top_whatnew_id_seq OWNER TO fujimo;

--
-- Name: top_whatnew_id_seq; Type: SEQUENCE OWNED BY; Schema: public; Owner: fujimo
--

ALTER SEQUENCE top_whatnew_id_seq OWNED BY top_whatnew.id;


--
-- Name: top_whatnew_id_seq; Type: SEQUENCE SET; Schema: public; Owner: fujimo
--

SELECT pg_catalog.setval('top_whatnew_id_seq', 18, true);


--
-- Name: id; Type: DEFAULT; Schema: public; Owner: fujimo
--

ALTER TABLE auth_group ALTER COLUMN id SET DEFAULT nextval('auth_group_id_seq'::regclass);


--
-- Name: id; Type: DEFAULT; Schema: public; Owner: fujimo
--

ALTER TABLE auth_group_permissions ALTER COLUMN id SET DEFAULT nextval('auth_group_permissions_id_seq'::regclass);


--
-- Name: id; Type: DEFAULT; Schema: public; Owner: fujimo
--

ALTER TABLE auth_message ALTER COLUMN id SET DEFAULT nextval('auth_message_id_seq'::regclass);


--
-- Name: id; Type: DEFAULT; Schema: public; Owner: fujimo
--

ALTER TABLE auth_permission ALTER COLUMN id SET DEFAULT nextval('auth_permission_id_seq'::regclass);


--
-- Name: id; Type: DEFAULT; Schema: public; Owner: fujimo
--

ALTER TABLE auth_user ALTER COLUMN id SET DEFAULT nextval('auth_user_id_seq'::regclass);


--
-- Name: id; Type: DEFAULT; Schema: public; Owner: fujimo
--

ALTER TABLE auth_user_groups ALTER COLUMN id SET DEFAULT nextval('auth_user_groups_id_seq'::regclass);


--
-- Name: id; Type: DEFAULT; Schema: public; Owner: fujimo
--

ALTER TABLE auth_user_user_permissions ALTER COLUMN id SET DEFAULT nextval('auth_user_user_permissions_id_seq'::regclass);


--
-- Name: id; Type: DEFAULT; Schema: public; Owner: fujimo
--

ALTER TABLE book_category ALTER COLUMN id SET DEFAULT nextval('book_category_id_seq'::regclass);


--
-- Name: id; Type: DEFAULT; Schema: public; Owner: fujimo
--

ALTER TABLE book_entry ALTER COLUMN id SET DEFAULT nextval('book_entry_id_seq'::regclass);


--
-- Name: id; Type: DEFAULT; Schema: public; Owner: fujimo
--

ALTER TABLE book_entry_detail ALTER COLUMN id SET DEFAULT nextval('book_entry_detail_id_seq'::regclass);


--
-- Name: id; Type: DEFAULT; Schema: public; Owner: fujimo
--

ALTER TABLE book_publisher ALTER COLUMN id SET DEFAULT nextval('book_publisher_id_seq'::regclass);


--
-- Name: id; Type: DEFAULT; Schema: public; Owner: fujimo
--

ALTER TABLE book_subcategory ALTER COLUMN id SET DEFAULT nextval('book_subcategory_id_seq'::regclass);


--
-- Name: id; Type: DEFAULT; Schema: public; Owner: fujimo
--

ALTER TABLE book_writer ALTER COLUMN id SET DEFAULT nextval('book_writer_id_seq'::regclass);


--
-- Name: id; Type: DEFAULT; Schema: public; Owner: fujimo
--

ALTER TABLE django_admin_log ALTER COLUMN id SET DEFAULT nextval('django_admin_log_id_seq'::regclass);


--
-- Name: id; Type: DEFAULT; Schema: public; Owner: fujimo
--

ALTER TABLE django_content_type ALTER COLUMN id SET DEFAULT nextval('django_content_type_id_seq'::regclass);


--
-- Name: id; Type: DEFAULT; Schema: public; Owner: fujimo
--

ALTER TABLE django_site ALTER COLUMN id SET DEFAULT nextval('django_site_id_seq'::regclass);


--
-- Name: id; Type: DEFAULT; Schema: public; Owner: fujimo
--

ALTER TABLE top_whatnew ALTER COLUMN id SET DEFAULT nextval('top_whatnew_id_seq'::regclass);


--
-- Data for Name: auth_group; Type: TABLE DATA; Schema: public; Owner: fujimo
--

COPY auth_group (id, name) FROM stdin;
\.


--
-- Data for Name: auth_group_permissions; Type: TABLE DATA; Schema: public; Owner: fujimo
--

COPY auth_group_permissions (id, group_id, permission_id) FROM stdin;
\.


--
-- Data for Name: auth_message; Type: TABLE DATA; Schema: public; Owner: fujimo
--

COPY auth_message (id, user_id, message) FROM stdin;
\.


--
-- Data for Name: auth_permission; Type: TABLE DATA; Schema: public; Owner: fujimo
--

COPY auth_permission (id, name, content_type_id, codename) FROM stdin;
1	Can add permission	1	add_permission
2	Can change permission	1	change_permission
3	Can delete permission	1	delete_permission
4	Can add group	2	add_group
5	Can change group	2	change_group
6	Can delete group	2	delete_group
7	Can add user	3	add_user
8	Can change user	3	change_user
9	Can delete user	3	delete_user
10	Can add message	4	add_message
11	Can change message	4	change_message
12	Can delete message	4	delete_message
13	Can add content type	5	add_contenttype
14	Can change content type	5	change_contenttype
15	Can delete content type	5	delete_contenttype
16	Can add session	6	add_session
17	Can change session	6	change_session
18	Can delete session	6	delete_session
19	Can add site	7	add_site
20	Can change site	7	change_site
21	Can delete site	7	delete_site
22	Can add log entry	8	add_logentry
23	Can change log entry	8	change_logentry
24	Can delete log entry	8	delete_logentry
25	Can add category	9	add_category
26	Can change category	9	change_category
27	Can delete category	9	delete_category
28	Can add sub category	10	add_subcategory
29	Can change sub category	10	change_subcategory
30	Can delete sub category	10	delete_subcategory
31	Can add entry	11	add_entry
32	Can change entry	11	change_entry
33	Can delete entry	11	delete_entry
34	Can add writer	12	add_writer
35	Can change writer	12	change_writer
36	Can delete writer	12	delete_writer
37	Can add publisher	13	add_publisher
38	Can change publisher	13	change_publisher
39	Can delete publisher	13	delete_publisher
40	Can add entry_ detail	14	add_entry_detail
41	Can change entry_ detail	14	change_entry_detail
42	Can delete entry_ detail	14	delete_entry_detail
43	Can add what new	15	add_whatnew
44	Can change what new	15	change_whatnew
45	Can delete what new	15	delete_whatnew
\.


--
-- Data for Name: auth_user; Type: TABLE DATA; Schema: public; Owner: fujimo
--

COPY auth_user (id, username, first_name, last_name, email, password, is_staff, is_active, is_superuser, last_login, date_joined) FROM stdin;
4	guest				sha1$59be1$631dc0ae571974fa6d9de9641c55e11dbaebd2fb	t	t	f	2011-05-22 13:49:53.508111+09	2011-05-20 13:07:03+09
6	mieno				sha1$9c107$be0cc8366724e3a7c5c92a3168f9020fdbab2219	t	t	f	2011-08-16 23:48:24.172862+09	2011-08-16 23:44:36+09
3	kyouhei				sha1$986b1$e205481f61007e78c9a652100b0ad0c12b675c13	t	t	f	2011-08-28 11:53:50.957473+09	2011-05-20 13:06:20+09
7	setoguti				sha1$33c1c$684da939c1fc6d2b4b1075219d432fe328f37166	t	t	f	2011-09-20 02:50:15.864007+09	2011-08-16 23:50:35+09
2	fujita				sha1$c4ebd$86615300ffaac65159fb75db3d14830234672790	t	t	f	2011-09-20 23:05:29.24264+09	2011-05-20 13:05:39+09
1	fujimo			fujimo@fujimo-net.com	sha1$d9a6c$509694b791a226b5aaf63a881e642291fb4fef70	t	t	t	2011-09-24 04:32:37.137696+09	2011-05-17 10:17:55.970386+09
\.


--
-- Data for Name: auth_user_groups; Type: TABLE DATA; Schema: public; Owner: fujimo
--

COPY auth_user_groups (id, user_id, group_id) FROM stdin;
\.


--
-- Data for Name: auth_user_user_permissions; Type: TABLE DATA; Schema: public; Owner: fujimo
--

COPY auth_user_user_permissions (id, user_id, permission_id) FROM stdin;
1	2	32
2	2	33
3	2	34
4	2	35
5	2	36
6	2	37
7	2	38
8	2	39
9	2	40
10	2	41
11	2	42
12	2	43
13	2	44
14	2	45
15	2	25
16	2	26
17	2	27
18	2	28
19	2	29
20	2	30
21	2	31
22	3	32
23	3	33
24	3	34
25	3	35
26	3	36
27	3	37
28	3	38
29	3	39
30	3	40
31	3	41
32	3	42
33	3	43
34	3	44
35	3	45
36	3	25
37	3	26
38	3	27
39	3	28
40	3	29
41	3	30
42	3	31
43	4	32
44	4	33
45	4	34
46	4	35
47	4	36
48	4	37
49	4	38
50	4	39
51	4	40
52	4	41
53	4	42
54	4	43
55	4	44
56	4	45
57	4	25
58	4	26
59	4	27
60	4	28
61	4	29
62	4	30
63	4	31
157	7	32
158	7	33
159	7	34
160	7	35
161	7	36
162	7	37
163	7	38
164	7	39
165	7	40
166	7	41
167	7	42
168	7	43
169	7	44
170	7	45
171	7	25
172	7	26
173	7	27
174	7	28
175	7	29
176	7	30
177	7	31
136	6	32
137	6	33
138	6	34
139	6	35
140	6	36
141	6	37
142	6	38
143	6	39
144	6	40
145	6	41
146	6	42
147	6	43
148	6	44
149	6	45
150	6	25
151	6	26
152	6	27
153	6	28
154	6	29
155	6	30
156	6	31
\.


--
-- Data for Name: book_category; Type: TABLE DATA; Schema: public; Owner: fujimo
--

COPY book_category (id, name, url_name) FROM stdin;
1	技術本	it
2	漫画	manga
\.


--
-- Data for Name: book_entry; Type: TABLE DATA; Schema: public; Owner: fujimo
--

COPY book_entry (id, title, url_title, category_id, subcategory_id) FROM stdin;
1	naruto	naruto	2	1
2	鋼の錬金術師	hagaren	2	2
3	エヴァンゲリオン	eva	2	2
4	ドラゴンボール	dragon_ball	2	1
5	one piece	one_piece	2	1
7	Emacsテクニックバイブル	emacs_rubikichi	1	13
8	DjangoxPython	django_python	1	8
9	サーバーインフラを支える技術	server_infra	1	5
10	Linuxアドバンスシステム構築ガイド	linux_ha1	1	5
11	ApacheStrutsアプリケーション開発入門	apache_struts	1	9
12	ふつうのLinuxプログラミング	linux_basic	1	6
19	Linuxサーバ構築　標準教科書	lpic_basic	1	6
20	高信頼システム標準教科書	lpic_ha	1	6
21	幽遊白書	yuyu	2	1
6	バガボンド	vagabond	2	3
22	行け！稲中卓球部	inatyu	2	3
23	Dr.SLUMP	dr_slump	2	1
24	北斗の拳	hokuto	2	1
25	るろうに剣心	rurouni	2	1
26	風の谷のナウシカ	naushika	2	4
27	ダイの大冒険	dai	2	1
13	zsh最強シェル	zsh_saikyou	1	13
29	初めてのPHP5	first_php5	1	16
30	HUNTERxHUNTER	hunter	2	1
31	Linux-DBシステム構築/運用　入門	linux_db_system	1	5
33	Perlテクニックブック	perl_technic_book	1	5
34	Smarty動的Webサイト構築入門	smarty_web_site	1	7
36	Web+DBPress2011	wbpress2011	1	11
37	作って覚えるPHP+MySQLアプリケーション	make_php_mywql_app	1	7
38	現場のプロから学ぶweb製作ワークフロー	study_webcreate_flow	1	13
39	図解でわかるLinux環境のすべて	all_of_linux_env	1	6
40	JavaScriptパターン	javascript_pattern	1	16
41	XHTML&CSS超高速コーディング術	xhtml_css_coding	1	13
42	プログラミングPHP第2版	programming_php	1	7
43	現場のプロから学ぶXHTML+CSS	xhtml_css_study	1	18
44	CCNA/CCENT ICND1 教科書	ccna_icnd1	1	10
46	PerlユーザのためのPython移行ガイド	perl_to_python	1	8
45	CCNA ICND2 教科書	ccna_icnd2	1	10
47	パケットキャプチャ入門	packet_capture_init	1	10
48	パケットキャプチャ実践技術	packet_capture_expert	1	10
49	標準Django	basic_django	1	8
50	Javaセンスアッププログラミング	java_sence_up	1	9
51	みんなのPython	our_python	1	8
52	みんなのPython Webアプリ	our_python_webapp	1	8
53	Webサイト製作者のためのJavaScript入門講座	website_javascript_init	1	13
54	エンジェル・ハート	angel_heart	2	3
\.


--
-- Data for Name: book_entry_detail; Type: TABLE DATA; Schema: public; Owner: fujimo
--

COPY book_entry_detail (id, entry_id, volume, pdf_size, epud_size, total_page, writer_id, publisher_id, description, create_date, update_date, exit_pdf, exit_epud) FROM stdin;
1	1	1	24	0	195	2	2		2011-05-07 00:00:00+09	2011-05-07 00:00:00+09	t	t
2	1	2	59	0	202	2	2		2011-05-07 00:00:00+09	2011-05-07 00:00:00+09	t	f
3	1	3	42	0	201	2	2		2011-05-07 00:00:00+09	2011-05-07 00:00:00+09	t	f
4	1	4	38	0	175	2	2		2011-05-07 00:00:00+09	2011-05-07 00:00:00+09	t	f
5	1	5	31	0	178	2	2		2011-05-07 00:00:00+09	2011-05-07 00:00:00+09	t	f
6	1	6	45	0	186	2	2		2011-05-07 00:00:00+09	2011-05-07 00:00:00+09	t	f
7	1	7	68	0	184	2	2		2011-05-07 00:00:00+09	2011-05-07 00:00:00+09	t	f
8	1	8	60	0	184	2	2		2011-05-07 00:00:00+09	2011-05-07 00:00:00+09	t	f
9	1	9	26	0	181	2	2		2011-05-07 00:00:00+09	2011-05-07 00:00:00+09	t	f
10	1	10	29	0	187	2	2		2011-05-07 00:00:00+09	2011-05-07 00:00:00+09	t	f
11	1	11	30	0	191	2	2		2011-05-07 00:00:00+09	2011-05-07 00:00:00+09	t	f
12	1	12	32	0	199	2	2		2011-05-07 00:00:00+09	2011-05-07 00:00:00+09	t	f
13	1	13	62	0	189	2	2		2011-05-07 00:00:00+09	2011-05-07 00:00:00+09	t	f
14	1	14	60	0	180	2	2		2011-05-07 00:00:00+09	2011-05-07 00:00:00+09	t	f
15	1	15	34	0	187	2	2		2011-05-07 00:00:00+09	2011-05-07 00:00:00+09	t	f
16	1	16	54	0	193	2	2		2011-05-07 00:00:00+09	2011-05-07 00:00:00+09	t	f
17	1	17	30	0	193	2	2		2011-05-07 00:00:00+09	2011-05-07 00:00:00+09	t	f
18	1	18	31	0	197	2	2		2011-05-07 00:00:00+09	2011-05-07 00:00:00+09	t	f
19	1	19	36	0	180	2	2		2011-05-07 00:00:00+09	2011-05-07 00:00:00+09	t	f
20	1	20	40	0	181	2	2		2011-05-07 00:00:00+09	2011-05-07 00:00:00+09	t	f
21	1	21	57	0	202	2	2		2011-05-07 00:00:00+09	2011-05-07 00:00:00+09	t	f
22	1	22	55	0	181	2	2		2011-05-07 00:00:00+09	2011-05-07 00:00:00+09	t	f
23	1	23	55	0	183	2	2		2011-05-07 00:00:00+09	2011-05-07 00:00:00+09	t	f
24	1	24	51	0	180	2	2		2011-05-07 00:00:00+09	2011-05-07 00:00:00+09	t	f
25	1	25	45	0	187	2	2		2011-05-07 00:00:00+09	2011-05-07 00:00:00+09	t	f
26	1	26	49	0	176	2	2		2011-05-07 00:00:00+09	2011-05-07 00:00:00+09	t	f
27	1	27	48	0	184	2	2		2011-05-07 00:00:00+09	2011-05-07 00:00:00+09	t	f
28	1	28	45	0	182	2	2		2011-05-07 00:00:00+09	2011-05-07 00:00:00+09	t	f
29	1	29	47	0	184	2	2		2011-05-07 00:00:00+09	2011-05-07 00:00:00+09	t	f
30	1	30	54	0	182	2	2		2011-05-07 00:00:00+09	2011-05-07 00:00:00+09	t	f
31	1	31	41	0	177	2	2		2011-05-07 00:00:00+09	2011-05-07 00:00:00+09	t	f
32	1	32	41	0	187	2	2		2011-05-07 00:00:00+09	2011-05-07 00:00:00+09	t	f
33	1	33	51	0	193	2	2		2011-05-07 00:00:00+09	2011-05-07 00:00:00+09	t	f
34	1	34	93	0	193	2	2		2011-05-07 00:00:00+09	2011-05-07 00:00:00+09	t	f
35	1	35	34	0	194	2	2		2011-05-07 00:00:00+09	2011-05-07 00:00:00+09	t	f
36	1	36	36	0	188	2	2		2011-05-07 00:00:00+09	2011-05-07 00:00:00+09	t	f
37	1	37	40	0	186	2	2		2011-05-07 00:00:00+09	2011-05-07 00:00:00+09	t	f
38	1	38	51	0	182	2	2		2011-05-07 00:00:00+09	2011-05-07 00:00:00+09	t	f
39	1	39	59	0	194	2	2		2011-05-07 00:00:00+09	2011-05-07 00:00:00+09	t	f
40	1	40	56	0	99	2	2		2011-05-07 00:00:00+09	2011-05-07 00:00:00+09	t	f
41	1	41	38	0	185	2	2		2011-05-07 00:00:00+09	2011-05-07 00:00:00+09	t	f
42	1	42	62	0	193	2	2		2011-05-07 00:00:00+09	2011-05-07 00:00:00+09	t	f
43	1	43	67	0	250	2	2		2011-05-07 00:00:00+09	2011-05-07 00:00:00+09	t	f
44	1	44	53	0	192	2	2		2011-05-07 00:00:00+09	2011-05-07 00:00:00+09	t	f
45	1	45	73	0	95	2	2		2011-05-07 00:00:00+09	2011-05-07 00:00:00+09	t	f
80	3	1	71	0	178	4	4		2011-05-07 00:00:00+09	2011-05-07 00:00:00+09	t	f
47	1	47	59	0	98	2	2		2011-05-07 00:00:00+09	2011-05-07 00:00:00+09	t	f
48	1	48	64	0	106	2	2		2011-05-07 00:00:00+09	2011-05-07 00:00:00+09	t	f
49	1	49	103	0	193	2	2		2011-05-07 00:00:00+09	2011-05-07 00:00:00+09	t	f
50	1	50	100	0	191	2	2		2011-05-07 00:00:00+09	2011-05-07 00:00:00+09	t	f
51	1	51	75	0	195	2	2		2011-05-13 00:00:00+09	2011-05-13 00:00:00+09	t	f
52	1	52	76	0	210	2	2		2011-05-13 00:00:00+09	2011-05-13 00:00:00+09	t	f
81	3	2	68	0	178	4	4		2011-05-07 00:00:00+09	2011-05-07 00:00:00+09	t	f
82	3	3	41	0	172	4	4		2011-05-07 00:00:00+09	2011-05-07 00:00:00+09	t	f
83	3	4	35	0	187	4	4		2011-05-07 00:00:00+09	2011-05-07 00:00:00+09	t	f
84	3	5	71	0	192	4	4		2011-05-07 00:00:00+09	2011-05-07 00:00:00+09	t	f
85	3	6	67	0	188	4	4		2011-05-07 00:00:00+09	2011-05-07 00:00:00+09	t	f
86	3	7	48	0	96	4	4		2011-05-07 00:00:00+09	2011-05-07 00:00:00+09	t	f
87	3	8	30	0	176	4	4		2011-05-07 00:00:00+09	2011-05-07 00:00:00+09	t	f
88	3	9	0	0	0	4	4		2011-05-07 00:00:00+09	2011-05-20 10:48:22.771128+09	f	f
190	21	1	63	0	203	15	2		2011-05-20 00:00:00+09	2011-05-20 00:00:00+09	t	f
191	21	2	41	0	198	15	2		2011-05-20 00:00:00+09	2011-05-20 00:00:00+09	t	f
192	21	3	42	0	192	15	2		2011-05-20 00:00:00+09	2011-05-20 00:00:00+09	t	f
193	21	4	43	0	192	15	2		2011-05-20 00:00:00+09	2011-05-20 00:00:00+09	t	f
194	21	5	44	0	106	15	2		2011-05-20 00:00:00+09	2011-05-20 00:00:00+09	t	f
195	21	6	62	0	208	15	2		2011-05-20 00:00:00+09	2011-05-20 00:00:00+09	t	f
196	21	7	52	0	202	15	2		2011-05-20 00:00:00+09	2011-05-20 00:00:00+09	t	f
197	21	8	49	0	190	15	2		2011-05-20 00:00:00+09	2011-05-20 00:00:00+09	t	f
198	21	9	53	0	192	15	2		2011-05-20 00:00:00+09	2011-05-20 00:00:00+09	t	f
199	21	10	56	0	208	15	2		2011-05-20 00:00:00+09	2011-05-20 00:00:00+09	t	f
200	21	11	63	0	191	15	2		2011-05-20 00:00:00+09	2011-05-20 00:00:00+09	t	f
201	21	12	52	0	185	15	2		2011-05-20 00:00:00+09	2011-05-20 00:00:00+09	t	f
202	21	13	47	0	182	15	2		2011-05-20 00:00:00+09	2011-05-20 00:00:00+09	t	f
203	21	14	43	0	201	15	2		2011-05-20 00:00:00+09	2011-05-20 00:00:00+09	t	f
204	21	15	60	0	103	15	2		2011-05-20 00:00:00+09	2011-05-20 00:00:00+09	t	f
205	21	16	66	0	103	15	2		2011-05-20 00:00:00+09	2011-05-20 00:00:00+09	t	f
53	2	1	47	0	183	3	3		2011-05-07 00:00:00+09	2011-05-07 00:00:00+09	t	f
284	22	12	35	0	249	17	10		2011-05-20 00:00:00+09	2011-05-20 00:00:00+09	t	f
285	22	13	47	0	275	17	10		2011-05-20 00:00:00+09	2011-05-20 00:00:00+09	t	f
91	3	12	107	0	181	4	4		2011-05-07 00:00:00+09	2011-05-07 00:00:00+09	t	f
101	19	1	3	0	135	1	1		2011-05-17 22:46:59.669755+09	2011-05-17 22:46:59.736156+09	t	f
102	20	1	5	0	273	1	1		2011-05-17 22:48:37.807683+09	2011-05-17 22:48:37.88059+09	t	f
241	6	1	68	0	248	16	10		2011-05-20 00:00:00+09	2011-05-21 02:34:37.555363+09	t	f
89	3	10	0	0	0	4	4		2011-05-07 00:00:00+09	2011-05-20 10:48:02.306683+09	f	f
242	6	2	66	0	240	16	10		2011-05-20 00:00:00+09	2011-05-21 02:34:49.987755+09	t	f
90	3	11	69	0	174	4	4		2011-05-07 00:00:00+09	2011-05-20 10:48:47.928375+09	t	f
206	21	17	49	0	208	15	2		2011-05-20 00:00:00+09	2011-05-20 00:00:00+09	t	f
207	21	18	44	0	195	15	2		2011-05-20 00:00:00+09	2011-05-20 00:00:00+09	t	f
95	10	1	162	0	566	8	6		2011-05-08 00:00:00+09	2011-09-18 16:16:22.102401+09	t	f
94	9	1	78	0	389	7	5		2011-05-08 00:00:00+09	2011-09-18 16:19:56.844465+09	t	f
96	11	1	125	0	358	9	7		2011-05-08 00:00:00+09	2011-09-19 23:40:50.393408+09	t	f
93	8	1	86	0	293	6	5		2011-05-08 00:00:00+09	2011-09-19 23:43:23.69757+09	t	f
92	7	1	145	0	388	5	5		2011-05-08 00:00:00+09	2011-09-19 23:45:49.154411+09	t	f
97	12	1	121	0	482	10	8		2011-05-08 00:00:00+09	2011-09-19 23:47:13.765336+09	t	f
208	21	19	44	0	187	15	2		2011-05-20 00:00:00+09	2011-05-20 00:00:00+09	t	f
145	4	1	27	0	189	14	2		2011-05-19 00:00:00+09	2011-05-19 00:00:00+09	t	f
146	4	2	30	0	188	14	2		2011-05-19 00:00:00+09	2011-05-19 00:00:00+09	t	f
147	4	3	32	0	187	14	2		2011-05-19 00:00:00+09	2011-05-19 00:00:00+09	t	f
148	4	4	31	0	189	14	2		2011-05-19 00:00:00+09	2011-05-19 00:00:00+09	t	f
149	4	5	29	0	189	14	2		2011-05-19 00:00:00+09	2011-05-19 00:00:00+09	t	f
150	4	6	33	0	189	14	2		2011-05-19 00:00:00+09	2011-05-19 00:00:00+09	t	f
151	4	7	36	0	191	14	2		2011-05-19 00:00:00+09	2011-05-19 00:00:00+09	t	f
152	4	8	33	0	188	14	2		2011-05-19 00:00:00+09	2011-05-19 00:00:00+09	t	f
153	4	9	31	0	190	14	2		2011-05-19 00:00:00+09	2011-05-19 00:00:00+09	t	f
154	4	10	31	0	189	14	2		2011-05-19 00:00:00+09	2011-05-19 00:00:00+09	t	f
155	4	11	30	0	186	14	2		2011-05-19 00:00:00+09	2011-05-19 00:00:00+09	t	f
156	4	12	34	0	187	14	2		2011-05-19 00:00:00+09	2011-05-19 00:00:00+09	t	f
157	4	13	30	0	187	14	2		2011-05-19 00:00:00+09	2011-05-19 00:00:00+09	t	f
158	4	14	33	0	186	14	2		2011-05-19 00:00:00+09	2011-05-19 00:00:00+09	t	f
159	4	15	35	0	186	14	2		2011-05-19 00:00:00+09	2011-05-19 00:00:00+09	t	f
160	4	16	34	0	186	14	2		2011-05-19 00:00:00+09	2011-05-19 00:00:00+09	t	f
161	4	17	32	0	186	14	2		2011-05-19 00:00:00+09	2011-05-19 00:00:00+09	t	f
162	4	18	33	0	186	14	2		2011-05-19 00:00:00+09	2011-05-19 00:00:00+09	t	f
163	4	19	31	0	186	14	2		2011-05-19 00:00:00+09	2011-05-19 00:00:00+09	t	f
164	4	20	48	0	189	14	2		2011-05-19 00:00:00+09	2011-05-19 00:00:00+09	t	f
165	4	21	46	0	188	14	2		2011-05-19 00:00:00+09	2011-05-19 00:00:00+09	t	f
166	4	22	46	0	187	14	2		2011-05-19 00:00:00+09	2011-05-19 00:00:00+09	t	f
167	4	23	48	0	188	14	2		2011-05-19 00:00:00+09	2011-05-19 00:00:00+09	t	f
168	4	24	46	0	188	14	2		2011-05-19 00:00:00+09	2011-05-19 00:00:00+09	t	f
169	4	25	44	0	187	14	2		2011-05-19 00:00:00+09	2011-05-19 00:00:00+09	t	f
170	4	26	45	0	191	14	2		2011-05-19 00:00:00+09	2011-05-19 00:00:00+09	t	f
243	6	3	64	0	228	16	10		2011-05-20 00:00:00+09	2011-05-21 02:35:04.370575+09	t	f
244	6	4	53	0	208	16	10		2011-05-20 00:00:00+09	2011-05-21 02:35:15.956844+09	t	f
245	6	5	46	0	204	16	10		2011-05-20 00:00:00+09	2011-05-21 02:35:26.227682+09	t	f
246	6	6	57	0	217	16	10		2011-05-20 00:00:00+09	2011-05-21 02:35:38.593461+09	t	f
247	6	7	47	0	196	16	10		2011-05-20 00:00:00+09	2011-05-21 02:35:52.894149+09	t	f
248	6	8	52	0	212	16	10		2011-05-20 00:00:00+09	2011-05-21 02:36:06.387281+09	t	f
249	6	9	51	0	204	16	10		2011-05-20 00:00:00+09	2011-05-21 02:36:22.903268+09	t	f
250	6	10	58	0	220	16	10		2011-05-20 00:00:00+09	2011-05-21 02:36:35.656709+09	t	f
251	6	11	55	0	220	16	10		2011-05-20 00:00:00+09	2011-05-21 02:36:52.805502+09	t	f
252	6	12	61	0	216	16	10		2011-05-20 00:00:00+09	2011-05-21 02:37:03.785462+09	t	f
253	6	13	59	0	216	16	10		2011-05-20 00:00:00+09	2011-05-21 02:37:20.636507+09	t	f
254	6	14	51	0	204	16	10		2011-05-20 00:00:00+09	2011-05-21 02:38:26.940622+09	t	f
255	6	15	50	0	206	16	10		2011-05-20 00:00:00+09	2011-05-21 02:38:40.664706+09	t	f
256	6	16	67	0	185	16	10		2011-05-20 00:00:00+09	2011-05-21 02:39:02.488254+09	t	f
257	6	17	54	0	196	16	10		2011-05-20 00:00:00+09	2011-05-21 02:39:20.692297+09	t	f
258	6	18	54	0	204	16	10		2011-05-20 00:00:00+09	2011-05-21 02:39:40.068927+09	t	f
259	6	19	58	0	101	16	10		2011-05-20 00:00:00+09	2011-05-21 02:39:52.020922+09	t	f
260	6	20	66	0	202	16	10		2011-05-20 00:00:00+09	2011-05-21 02:40:13.355908+09	t	f
261	6	21	69	0	212	16	10		2011-05-20 00:00:00+09	2011-05-21 02:41:06.101497+09	t	f
263	6	23	57	0	205	16	10		2011-05-20 00:00:00+09	2011-05-21 02:41:54.068089+09	t	f
264	6	24	58	0	200	16	10		2011-05-20 00:00:00+09	2011-05-21 02:42:11.541863+09	t	f
266	6	26	85	0	189	16	10		2011-05-20 00:00:00+09	2011-05-21 02:42:42.398484+09	t	f
267	6	27	88	0	199	16	10		2011-05-20 00:00:00+09	2011-05-21 02:42:55.342581+09	t	f
268	6	28	62	0	221	16	10		2011-05-20 00:00:00+09	2011-05-21 02:43:20.849241+09	t	f
269	6	29	89	0	204	16	10		2011-05-20 00:00:00+09	2011-05-21 02:43:38.330917+09	t	f
271	6	31	116	0	215	16	10		2011-05-20 00:00:00+09	2011-05-21 02:44:01.701403+09	t	f
272	6	32	110	0	219	16	10		2011-05-20 00:00:00+09	2011-05-21 02:44:17.511046+09	t	f
265	6	25	75	0	200	16	10		2011-05-20 00:00:00+09	2011-05-21 02:44:40.09048+09	t	f
262	6	22	53	0	198	16	10		2011-05-20 00:00:00+09	2011-05-21 02:45:54.285374+09	t	f
270	6	30	48	0	212	16	10		2011-05-20 00:00:00+09	2011-05-21 02:46:32.649436+09	t	f
286	23	1	386	0	235	14	2		2011-05-21 00:00:00+09	2011-05-21 00:00:00+09	t	f
287	23	2	385	0	227	14	2		2011-05-21 00:00:00+09	2011-05-21 00:00:00+09	t	f
288	23	3	391	0	224	14	2		2011-05-21 00:00:00+09	2011-05-21 00:00:00+09	t	f
289	23	4	385	0	212	14	2		2011-05-21 00:00:00+09	2011-05-21 00:00:00+09	t	f
290	23	5	385	0	230	14	2		2011-05-21 00:00:00+09	2011-05-21 00:00:00+09	t	f
291	23	6	389	0	230	14	2		2011-05-21 00:00:00+09	2011-05-21 00:00:00+09	t	f
292	23	7	396	0	217	14	2		2011-05-21 00:00:00+09	2011-05-21 00:00:00+09	t	f
293	23	8	391	0	216	14	2		2011-05-21 00:00:00+09	2011-05-21 00:00:00+09	t	f
171	4	27	45	0	191	14	2		2011-05-19 00:00:00+09	2011-05-19 00:00:00+09	t	f
172	4	28	45	0	191	14	2		2011-05-19 00:00:00+09	2011-05-19 00:00:00+09	t	f
173	4	29	48	0	191	14	2		2011-05-19 00:00:00+09	2011-05-19 00:00:00+09	t	f
174	4	30	49	0	191	14	2		2011-05-19 00:00:00+09	2011-05-19 00:00:00+09	t	f
175	4	31	50	0	191	14	2		2011-05-19 00:00:00+09	2011-05-19 00:00:00+09	t	f
176	4	32	48	0	188	14	2		2011-05-19 00:00:00+09	2011-05-19 00:00:00+09	t	f
177	4	33	44	0	192	14	2		2011-05-19 00:00:00+09	2011-05-19 00:00:00+09	t	f
178	4	34	45	0	191	14	2		2011-05-19 00:00:00+09	2011-05-19 00:00:00+09	t	f
179	4	35	42	0	188	14	2		2011-05-19 00:00:00+09	2011-05-19 00:00:00+09	t	f
180	4	36	50	0	186	14	2		2011-05-19 00:00:00+09	2011-05-19 00:00:00+09	t	f
181	4	37	34	0	98	14	2		2011-05-19 00:00:00+09	2011-05-19 00:00:00+09	t	f
182	4	38	28	0	99	14	2		2011-05-19 00:00:00+09	2011-05-19 00:00:00+09	t	f
183	4	39	27	0	95	14	2		2011-05-19 00:00:00+09	2011-05-19 00:00:00+09	t	f
184	4	40	26	0	188	14	2		2011-05-19 00:00:00+09	2011-05-19 00:00:00+09	t	f
185	4	41	37	0	122	14	2		2011-05-19 00:00:00+09	2011-05-19 00:00:00+09	t	f
186	4	42	45	0	247	14	2		2011-05-19 00:00:00+09	2011-05-19 00:00:00+09	t	f
187	1	46	52	0	98	2	2		2011-05-19 23:33:51.548888+09	2011-05-19 23:33:51.600896+09	t	f
188	1	53	82	0	180	2	2		2011-05-19 23:36:13.268898+09	2011-05-19 23:36:13.340949+09	t	f
189	1	54	95	0	194	2	2		2011-05-19 23:37:07.091944+09	2011-05-19 23:37:07.137111+09	t	f
54	2	2	44	0	188	3	3		2011-05-07 00:00:00+09	2011-05-07 00:00:00+09	t	f
55	2	3	45	0	187	3	3		2011-05-07 00:00:00+09	2011-05-07 00:00:00+09	t	f
56	2	4	44	0	193	3	3		2011-05-07 00:00:00+09	2011-05-07 00:00:00+09	t	f
57	2	5	47	0	191	3	3		2011-05-07 00:00:00+09	2011-05-07 00:00:00+09	t	f
58	2	6	35	0	190	3	3		2011-05-07 00:00:00+09	2011-05-07 00:00:00+09	t	f
59	2	7	47	0	188	3	3		2011-05-07 00:00:00+09	2011-05-07 00:00:00+09	t	f
60	2	8	52	0	177	3	3		2011-05-07 00:00:00+09	2011-05-07 00:00:00+09	t	f
61	2	9	47	0	182	3	3		2011-05-07 00:00:00+09	2011-05-07 00:00:00+09	t	f
62	2	10	51	0	187	3	3		2011-05-07 00:00:00+09	2011-05-07 00:00:00+09	t	f
63	2	11	46	0	184	3	3		2011-05-07 00:00:00+09	2011-05-07 00:00:00+09	t	f
64	2	12	55	0	185	3	3		2011-05-07 00:00:00+09	2011-05-07 00:00:00+09	t	f
65	2	13	57	0	182	3	3		2011-05-07 00:00:00+09	2011-05-07 00:00:00+09	t	f
66	2	14	54	0	192	3	3		2011-05-07 00:00:00+09	2011-05-07 00:00:00+09	t	f
67	2	15	53	0	185	3	3		2011-05-07 00:00:00+09	2011-05-07 00:00:00+09	t	f
68	2	16	52	0	189	3	3		2011-05-07 00:00:00+09	2011-05-07 00:00:00+09	t	f
69	2	17	53	0	186	3	3		2011-05-07 00:00:00+09	2011-05-07 00:00:00+09	t	f
70	2	18	31	0	187	3	3		2011-05-07 00:00:00+09	2011-05-07 00:00:00+09	t	f
71	2	19	65	0	192	3	3		2011-05-07 00:00:00+09	2011-05-07 00:00:00+09	t	f
72	2	20	65	0	195	3	3		2011-05-07 00:00:00+09	2011-05-07 00:00:00+09	t	f
73	2	21	58	0	195	3	3		2011-05-07 00:00:00+09	2011-05-07 00:00:00+09	t	f
79	2	27	81	0	216	3	3		2011-05-07 00:00:00+09	2011-05-07 00:00:00+09	t	f
74	2	22	79	0	193	3	3		2011-05-07 00:00:00+09	2011-05-20 01:32:11.207202+09	t	f
75	2	23	58	0	194	3	3		2011-05-07 00:00:00+09	2011-05-20 01:33:13.666617+09	t	f
76	2	24	62	0	194	3	3		2011-05-07 00:00:00+09	2011-05-20 01:33:58.494596+09	t	f
77	2	25	59	0	101	3	3		2011-05-07 00:00:00+09	2011-05-20 01:34:42.324326+09	t	f
78	2	26	72	0	194	3	3		2011-05-07 00:00:00+09	2011-05-20 01:35:20.055063+09	t	f
273	22	1	59	0	235	17	10		2011-05-20 00:00:00+09	2011-05-20 00:00:00+09	t	f
274	22	2	38	0	227	17	10		2011-05-20 00:00:00+09	2011-05-20 00:00:00+09	t	f
275	22	3	43	0	224	17	10		2011-05-20 00:00:00+09	2011-05-20 00:00:00+09	t	f
276	22	4	45	0	212	17	10		2011-05-20 00:00:00+09	2011-05-20 00:00:00+09	t	f
277	22	5	47	0	230	17	10		2011-05-20 00:00:00+09	2011-05-20 00:00:00+09	t	f
278	22	6	50	0	230	17	10		2011-05-20 00:00:00+09	2011-05-20 00:00:00+09	t	f
279	22	7	49	0	217	17	10		2011-05-20 00:00:00+09	2011-05-20 00:00:00+09	t	f
280	22	8	47	0	216	17	10		2011-05-20 00:00:00+09	2011-05-20 00:00:00+09	t	f
281	22	9	50	0	232	17	10		2011-05-20 00:00:00+09	2011-05-20 00:00:00+09	t	f
282	22	10	48	0	224	17	10		2011-05-20 00:00:00+09	2011-05-20 00:00:00+09	t	f
283	22	11	43	0	246	17	10		2011-05-20 00:00:00+09	2011-05-20 00:00:00+09	t	f
294	23	9	394	0	232	14	2		2011-05-21 00:00:00+09	2011-05-21 00:00:00+09	t	f
295	24	1	40	0	201	18	2		2011-05-21 00:00:00+09	2011-05-21 00:00:00+09	t	f
296	24	2	40	0	193	18	2		2011-05-21 00:00:00+09	2011-05-21 00:00:00+09	t	f
297	24	3	41	0	193	18	2		2011-05-21 00:00:00+09	2011-05-21 00:00:00+09	t	f
298	24	4	41	0	201	18	2		2011-05-21 00:00:00+09	2011-05-21 00:00:00+09	t	f
299	24	5	44	0	201	18	2		2011-05-21 00:00:00+09	2011-05-21 00:00:00+09	t	f
300	24	6	56	0	201	18	2		2011-05-21 00:00:00+09	2011-05-21 00:00:00+09	t	f
301	24	7	59	0	201	18	2		2011-05-21 00:00:00+09	2011-05-21 00:00:00+09	t	f
302	24	8	58	0	201	18	2		2011-05-21 00:00:00+09	2011-05-21 00:00:00+09	t	f
303	24	9	55	0	201	18	2		2011-05-21 00:00:00+09	2011-05-21 00:00:00+09	t	f
304	24	10	58	0	201	18	2		2011-05-21 00:00:00+09	2011-05-21 00:00:00+09	t	f
305	24	11	57	0	201	18	2		2011-05-21 00:00:00+09	2011-05-21 00:00:00+09	t	f
306	24	12	57	0	201	18	2		2011-05-21 00:00:00+09	2011-05-21 00:00:00+09	t	f
307	24	13	59	0	201	18	2		2011-05-21 00:00:00+09	2011-05-21 00:00:00+09	t	f
308	24	14	58	0	201	18	2		2011-05-21 00:00:00+09	2011-05-21 00:00:00+09	t	f
309	24	15	58	0	201	18	2		2011-05-21 00:00:00+09	2011-05-21 00:00:00+09	t	f
310	24	16	56	0	193	18	2		2011-05-21 00:00:00+09	2011-05-21 00:00:00+09	t	f
311	24	17	58	0	201	18	2		2011-05-21 00:00:00+09	2011-05-21 00:00:00+09	t	f
312	24	18	55	0	193	18	2		2011-05-21 00:00:00+09	2011-05-21 00:00:00+09	t	f
313	24	19	54	0	193	18	2		2011-05-21 00:00:00+09	2011-05-21 00:00:00+09	t	f
314	24	20	54	0	193	18	2		2011-05-21 00:00:00+09	2011-05-21 00:00:00+09	t	f
315	24	21	53	0	193	18	2		2011-05-21 00:00:00+09	2011-05-21 00:00:00+09	t	f
316	24	22	53	0	193	18	2		2011-05-21 00:00:00+09	2011-05-21 00:00:00+09	t	f
317	24	23	88	0	191	18	2		2011-05-21 00:00:00+09	2011-05-21 00:00:00+09	t	f
318	24	24	84	0	192	18	2		2011-05-21 00:00:00+09	2011-05-21 00:00:00+09	t	f
319	24	25	95	0	209	18	2		2011-05-21 00:00:00+09	2011-05-21 00:00:00+09	t	f
320	24	26	96	0	210	18	2		2011-05-21 00:00:00+09	2011-05-21 00:00:00+09	t	f
321	24	27	57	0	209	18	2		2011-05-21 00:00:00+09	2011-05-21 00:00:00+09	t	f
322	25	1	43	0	201	19	2		2011-05-21 00:00:00+09	2011-05-21 00:00:00+09	t	f
323	25	2	52	0	192	19	2		2011-05-21 00:00:00+09	2011-05-21 00:00:00+09	t	f
324	25	3	55	0	192	19	2		2011-05-21 00:00:00+09	2011-05-21 00:00:00+09	t	f
325	25	4	48	0	187	19	2		2011-05-21 00:00:00+09	2011-05-21 00:00:00+09	t	f
326	25	5	46	0	184	19	2		2011-05-21 00:00:00+09	2011-05-21 00:00:00+09	t	f
327	25	6	55	0	216	19	2		2011-05-21 00:00:00+09	2011-05-21 00:00:00+09	t	f
328	25	7	54	0	205	19	2		2011-05-21 00:00:00+09	2011-05-21 00:00:00+09	t	f
329	25	8	63	0	185	19	2		2011-05-21 00:00:00+09	2011-05-21 00:00:00+09	t	f
330	25	9	49	0	185	19	2		2011-05-21 00:00:00+09	2011-05-21 00:00:00+09	t	f
331	25	10	49	0	188	19	2		2011-05-21 00:00:00+09	2011-05-21 00:00:00+09	t	f
332	25	11	49	0	182	19	2		2011-05-21 00:00:00+09	2011-05-21 00:00:00+09	t	f
333	25	12	84	0	191	19	2		2011-05-21 00:00:00+09	2011-05-21 00:00:00+09	t	f
334	25	13	36	0	91	19	2		2011-05-21 00:00:00+09	2011-05-21 00:00:00+09	t	f
335	25	14	55	0	188	19	2		2011-05-21 00:00:00+09	2011-05-21 00:00:00+09	t	f
336	25	15	40	0	185	19	2		2011-05-21 00:00:00+09	2011-05-21 00:00:00+09	t	f
337	25	16	39	0	182	19	2		2011-05-21 00:00:00+09	2011-05-21 00:00:00+09	t	f
338	25	17	58	0	200	19	2		2011-05-21 00:00:00+09	2011-05-21 00:00:00+09	t	f
339	25	18	92	0	192	19	2		2011-05-21 00:00:00+09	2011-05-21 00:00:00+09	t	f
340	25	19	66	0	191	19	2		2011-05-21 00:00:00+09	2011-05-21 00:00:00+09	t	f
341	25	20	39	0	197	19	2		2011-05-21 00:00:00+09	2011-05-21 00:00:00+09	t	f
342	25	21	81	0	188	19	2		2011-05-21 00:00:00+09	2011-05-21 00:00:00+09	t	f
343	25	22	86	0	202	19	2		2011-05-21 00:00:00+09	2011-05-21 00:00:00+09	t	f
344	25	23	82	0	192	19	2		2011-05-21 00:00:00+09	2011-05-21 00:00:00+09	t	f
345	25	24	50	0	207	19	2		2011-05-21 00:00:00+09	2011-05-21 00:00:00+09	t	f
346	25	25	48	0	190	19	2		2011-05-21 00:00:00+09	2011-05-21 00:00:00+09	t	f
347	25	26	54	0	189	19	2		2011-05-21 00:00:00+09	2011-05-21 00:00:00+09	t	f
348	25	27	57	0	191	19	2		2011-05-21 00:00:00+09	2011-05-21 00:00:00+09	t	f
349	25	281	56	0	190	19	2		2011-05-21 00:00:00+09	2011-05-21 22:35:54.433642+09	t	f
350	25	282	14	0	52	19	2	番外編\r\n弥彦の逆刃刀・春に桜	2011-05-21 23:04:38.520885+09	2011-05-21 23:04:38.636261+09	t	f
352	5	2	34	0	179	20	2		2011-05-22 00:00:00+09	2011-05-22 00:00:00+09	t	f
353	5	3	33	0	183	20	2		2011-05-22 00:00:00+09	2011-05-22 00:00:00+09	t	f
354	5	4	34	0	177	20	2		2011-05-22 00:00:00+09	2011-05-22 00:00:00+09	t	f
355	5	5	34	0	177	20	2		2011-05-22 00:00:00+09	2011-05-22 00:00:00+09	t	f
356	5	6	21	0	93	20	2		2011-05-22 00:00:00+09	2011-05-22 00:00:00+09	t	f
357	5	7	34	0	175	20	2		2011-05-22 00:00:00+09	2011-05-22 00:00:00+09	t	f
358	5	8	22	0	94	20	2		2011-05-22 00:00:00+09	2011-05-22 00:00:00+09	t	f
359	5	9	38	0	192	20	2		2011-05-22 00:00:00+09	2011-05-22 00:00:00+09	t	f
360	5	10	36	0	174	20	2		2011-05-22 00:00:00+09	2011-05-22 00:00:00+09	t	f
361	5	11	35	0	171	20	2		2011-05-22 00:00:00+09	2011-05-22 00:00:00+09	t	f
362	5	12	36	0	178	20	2		2011-05-22 00:00:00+09	2011-05-22 00:00:00+09	t	f
363	5	13	34	0	172	20	2		2011-05-22 00:00:00+09	2011-05-22 00:00:00+09	t	f
364	5	14	36	0	173	20	2		2011-05-22 00:00:00+09	2011-05-22 00:00:00+09	t	f
365	5	15	38	0	196	20	2		2011-05-22 00:00:00+09	2011-05-22 00:00:00+09	t	f
366	5	16	33	0	173	20	2		2011-05-22 00:00:00+09	2011-05-22 00:00:00+09	t	f
367	5	17	25	0	103	20	2		2011-05-22 00:00:00+09	2011-05-22 00:00:00+09	t	f
368	5	18	27	0	112	20	2		2011-05-22 00:00:00+09	2011-05-22 00:00:00+09	t	f
369	5	19	26	0	104	20	2		2011-05-22 00:00:00+09	2011-05-22 00:00:00+09	t	f
370	5	20	25	0	103	20	2		2011-05-22 00:00:00+09	2011-05-22 00:00:00+09	t	f
371	5	21	23	0	93	20	2		2011-05-22 00:00:00+09	2011-05-22 00:00:00+09	t	f
372	5	22	26	0	103	20	2		2011-05-22 00:00:00+09	2011-05-22 00:00:00+09	t	f
373	5	23	29	0	114	20	2		2011-05-22 00:00:00+09	2011-05-22 00:00:00+09	t	f
374	5	24	31	0	105	20	2		2011-05-22 00:00:00+09	2011-05-22 00:00:00+09	t	f
375	5	25	50	0	111	20	2		2011-05-22 00:00:00+09	2011-05-22 00:00:00+09	t	f
376	5	26	60	0	200	20	2		2011-05-22 00:00:00+09	2011-05-22 00:00:00+09	t	f
377	5	27	48	0	194	20	2		2011-05-22 00:00:00+09	2011-05-22 00:00:00+09	t	f
379	5	29	49	0	234	20	2		2011-05-22 00:00:00+09	2011-05-22 00:00:00+09	t	f
380	5	30	46	0	216	20	2		2011-05-22 00:00:00+09	2011-05-22 00:00:00+09	t	f
381	5	31	47	0	219	20	2		2011-05-22 00:00:00+09	2011-05-22 00:00:00+09	t	f
382	5	32	53	0	197	20	2		2011-05-22 00:00:00+09	2011-05-22 00:00:00+09	t	f
383	5	33	47	0	229	20	2		2011-05-22 00:00:00+09	2011-05-22 00:00:00+09	t	f
384	5	34	45	0	221	20	2		2011-05-22 00:00:00+09	2011-05-22 00:00:00+09	t	f
385	5	35	53	0	186	20	2		2011-05-22 00:00:00+09	2011-05-22 00:00:00+09	t	f
386	5	36	57	0	215	20	2		2011-05-22 00:00:00+09	2011-05-22 00:00:00+09	t	f
387	5	37	62	0	228	20	2		2011-05-22 00:00:00+09	2011-05-22 00:00:00+09	t	f
388	5	38	62	0	210	20	2		2011-05-22 00:00:00+09	2011-05-22 00:00:00+09	t	f
389	5	39	70	0	206	20	2		2011-05-22 00:00:00+09	2011-05-22 00:00:00+09	t	f
390	5	40	66	0	214	20	2		2011-05-22 00:00:00+09	2011-05-22 00:00:00+09	t	f
391	5	41	77	0	117	20	2		2011-05-22 00:00:00+09	2011-05-22 00:00:00+09	t	f
392	5	42	59	0	205	20	2		2011-05-22 00:00:00+09	2011-05-22 00:00:00+09	t	f
393	5	43	63	0	212	20	2		2011-05-22 00:00:00+09	2011-05-22 00:00:00+09	t	f
394	5	44	69	0	215	20	2		2011-05-22 00:00:00+09	2011-05-22 00:00:00+09	t	f
395	5	45	58	0	206	20	2		2011-05-22 00:00:00+09	2011-05-22 00:00:00+09	t	f
396	5	46	51	0	188	20	2		2011-05-22 00:00:00+09	2011-05-22 00:00:00+09	t	f
397	5	47	69	0	226	20	2		2011-05-22 00:00:00+09	2011-05-22 00:00:00+09	t	f
398	5	48	83	0	118	20	2		2011-05-22 00:00:00+09	2011-05-22 00:00:00+09	t	f
399	5	49	57	0	209	20	2		2011-05-22 00:00:00+09	2011-05-22 00:00:00+09	t	f
400	5	50	69	0	205	20	2		2011-05-22 00:00:00+09	2011-05-22 00:00:00+09	t	f
401	5	51	71	0	225	20	2		2011-05-22 00:00:00+09	2011-05-22 00:00:00+09	t	f
402	5	52	50	0	208	20	2		2011-05-22 00:00:00+09	2011-05-22 00:00:00+09	t	f
403	5	53	69	0	202	20	2		2011-05-22 00:00:00+09	2011-05-22 00:00:00+09	t	f
404	5	54	112	0	110	20	2		2011-05-22 00:00:00+09	2011-05-22 00:00:00+09	t	f
405	5	55	40	0	201	20	2		2011-05-22 00:00:00+09	2011-05-22 00:00:00+09	t	f
406	5	56	59	0	215	20	2		2011-05-22 00:00:00+09	2011-05-22 00:00:00+09	t	f
407	5	57	126	0	218	20	2		2011-05-22 00:00:00+09	2011-05-22 00:00:00+09	t	f
408	5	58	175	0	104	20	2		2011-05-22 00:00:00+09	2011-05-22 00:00:00+09	t	f
409	5	59	43	0	217	20	2		2011-05-22 00:00:00+09	2011-05-22 00:00:00+09	t	f
410	5	60	50	0	106	20	2		2011-05-22 00:00:00+09	2011-05-22 00:00:00+09	t	f
411	5	61	105	0	200	20	2		2011-05-22 00:00:00+09	2011-05-22 00:00:00+09	t	f
412	5	62	95	0	218	20	2		2011-05-22 00:00:00+09	2011-05-22 00:00:00+09	t	f
413	26	1	39	0	136	21	11		2011-05-22 00:00:00+09	2011-05-22 00:00:00+09	t	f
414	26	2	51	0	136	21	11		2011-05-22 00:00:00+09	2011-05-22 00:00:00+09	t	f
415	26	3	58	0	156	21	11		2011-05-22 00:00:00+09	2011-05-22 00:00:00+09	t	f
416	26	4	53	0	140	21	11		2011-05-22 00:00:00+09	2011-05-22 00:00:00+09	t	f
417	26	5	60	0	159	21	11		2011-05-22 00:00:00+09	2011-05-22 00:00:00+09	t	f
418	26	6	65	0	167	21	11		2011-05-22 00:00:00+09	2011-05-22 00:00:00+09	t	f
419	26	7	90	0	229	21	11		2011-05-22 00:00:00+09	2011-05-22 00:00:00+09	t	f
420	27	1	58	0	58	22	2		2011-05-22 00:00:00+09	2011-05-22 00:00:00+09	t	f
421	27	2	50	0	50	22	2		2011-05-22 00:00:00+09	2011-05-22 00:00:00+09	t	f
422	27	3	51	0	51	22	2		2011-05-22 00:00:00+09	2011-05-22 00:00:00+09	t	f
423	27	4	52	0	52	22	2		2011-05-22 00:00:00+09	2011-05-22 00:00:00+09	t	f
424	27	5	56	0	56	22	2		2011-05-22 00:00:00+09	2011-05-22 00:00:00+09	t	f
425	27	6	52	0	52	22	2		2011-05-22 00:00:00+09	2011-05-22 00:00:00+09	t	f
426	27	7	57	0	57	22	2		2011-05-22 00:00:00+09	2011-05-22 00:00:00+09	t	f
427	27	8	50	0	50	22	2		2011-05-22 00:00:00+09	2011-05-22 00:00:00+09	t	f
428	27	9	48	0	48	22	2		2011-05-22 00:00:00+09	2011-05-22 00:00:00+09	t	f
429	27	10	53	0	53	22	2		2011-05-22 00:00:00+09	2011-05-22 00:00:00+09	t	f
430	27	11	54	0	54	22	2		2011-05-22 00:00:00+09	2011-05-22 00:00:00+09	t	f
431	27	12	50	0	50	22	2		2011-05-22 00:00:00+09	2011-05-22 00:00:00+09	t	f
432	27	13	53	0	53	22	2		2011-05-22 00:00:00+09	2011-05-22 00:00:00+09	t	f
433	27	14	54	0	54	22	2		2011-05-22 00:00:00+09	2011-05-22 00:00:00+09	t	f
434	27	15	48	0	48	22	2		2011-05-22 00:00:00+09	2011-05-22 00:00:00+09	t	f
435	27	16	52	0	52	22	2		2011-05-22 00:00:00+09	2011-05-22 00:00:00+09	t	f
436	27	17	50	0	50	22	2		2011-05-22 00:00:00+09	2011-05-22 00:00:00+09	t	f
437	27	18	47	0	47	22	2		2011-05-22 00:00:00+09	2011-05-22 00:00:00+09	t	f
438	27	19	48	0	48	22	2		2011-05-22 00:00:00+09	2011-05-22 00:00:00+09	t	f
439	27	20	49	0	49	22	2		2011-05-22 00:00:00+09	2011-05-22 00:00:00+09	t	f
440	27	21	47	0	47	22	2		2011-05-22 00:00:00+09	2011-05-22 00:00:00+09	t	f
441	27	22	47	0	47	22	2		2011-05-22 00:00:00+09	2011-05-22 00:00:00+09	t	f
442	27	23	48	0	48	22	2		2011-05-22 00:00:00+09	2011-05-22 00:00:00+09	t	f
443	27	24	50	0	50	22	2		2011-05-22 00:00:00+09	2011-05-22 00:00:00+09	t	f
444	27	25	50	0	50	22	2		2011-05-22 00:00:00+09	2011-05-22 00:00:00+09	t	f
445	27	26	52	0	52	22	2		2011-05-22 00:00:00+09	2011-05-22 00:00:00+09	t	f
446	27	27	47	0	47	22	2		2011-05-22 00:00:00+09	2011-05-22 00:00:00+09	t	f
447	27	28	51	0	51	22	2		2011-05-22 00:00:00+09	2011-05-22 00:00:00+09	t	f
448	27	29	48	0	48	22	2		2011-05-22 00:00:00+09	2011-05-22 00:00:00+09	t	f
449	27	30	48	0	48	22	2		2011-05-22 00:00:00+09	2011-05-22 00:00:00+09	t	f
450	27	31	51	0	51	22	2		2011-05-22 00:00:00+09	2011-05-22 00:00:00+09	t	f
451	27	32	50	0	50	22	2		2011-05-22 00:00:00+09	2011-05-22 00:00:00+09	t	f
452	27	33	47	0	47	22	2		2011-05-22 00:00:00+09	2011-05-22 00:00:00+09	t	f
453	27	34	47	0	47	22	2		2011-05-22 00:00:00+09	2011-05-22 00:00:00+09	t	f
454	27	35	47	0	47	22	2		2011-05-22 00:00:00+09	2011-05-22 00:00:00+09	t	f
455	27	36	44	0	44	22	2		2011-05-22 00:00:00+09	2011-05-22 00:00:00+09	t	f
456	27	37	47	0	47	22	2		2011-05-22 00:00:00+09	2011-05-22 00:00:00+09	t	f
378	5	28	52	0	99	20	2		2011-05-22 00:00:00+09	2011-05-22 15:43:26.691445+09	t	f
457	29	1	85	0	377	17	16		2011-09-07 06:55:36.374118+09	2011-09-18 20:51:07.876095+09	t	f
351	5	1	38	0	198	20	2		2011-05-22 00:00:00+09	2011-09-17 13:07:41.044557+09	t	f
458	1	55	92	0	206	2	2		2011-09-18 00:58:22.998685+09	2011-09-18 00:58:23.03047+09	t	f
459	1	56	44	0	194	2	2		2011-09-18 00:59:58.489289+09	2011-09-18 00:59:58.523082+09	t	f
460	5	63	44	0	234	20	2		2011-09-18 01:23:20.471249+09	2011-09-18 01:23:20.535984+09	t	f
461	30	1	35	0	185	15	2		2011-09-18 00:00:00+09	2011-09-18 00:00:00+09	t	f
462	30	2	33	0	186	15	2		2011-09-18 00:00:00+09	2011-09-18 00:00:00+09	t	f
463	30	3	33	0	186	15	2		2011-09-18 00:00:00+09	2011-09-18 00:00:00+09	t	f
464	30	4	31	0	186	15	2		2011-09-18 00:00:00+09	2011-09-18 00:00:00+09	t	f
465	30	5	31	0	202	15	2		2011-09-18 00:00:00+09	2011-09-18 00:00:00+09	t	f
466	30	6	33	0	185	15	2		2011-09-18 00:00:00+09	2011-09-18 00:00:00+09	t	f
467	30	7	33	0	188	15	2		2011-09-18 00:00:00+09	2011-09-18 00:00:00+09	t	f
468	30	8	33	0	196	15	2		2011-09-18 00:00:00+09	2011-09-18 00:00:00+09	t	f
469	30	9	36	0	192	15	2		2011-09-18 00:00:00+09	2011-09-18 00:00:00+09	t	f
470	30	10	35	0	200	15	2		2011-09-18 00:00:00+09	2011-09-18 00:00:00+09	t	f
471	30	11	35	0	196	15	2		2011-09-18 00:00:00+09	2011-09-18 00:00:00+09	t	f
472	30	12	31	0	186	15	2		2011-09-18 00:00:00+09	2011-09-18 00:00:00+09	t	f
473	30	13	17	0	106	15	2		2011-09-18 00:00:00+09	2011-09-18 00:00:00+09	t	f
474	30	14	35	0	211	15	2		2011-09-18 00:00:00+09	2011-09-18 00:00:00+09	t	f
475	30	15	46	0	198	15	2		2011-09-18 00:00:00+09	2011-09-18 00:00:00+09	t	f
476	30	16	37	0	190	15	2		2011-09-18 00:00:00+09	2011-09-18 00:00:00+09	t	f
477	30	17	63	0	200	15	2		2011-09-18 00:00:00+09	2011-09-18 00:00:00+09	t	f
478	30	18	27	0	177	15	2		2011-09-18 00:00:00+09	2011-09-18 00:00:00+09	t	f
479	30	19	38	0	166	15	2		2011-09-18 00:00:00+09	2011-09-18 00:00:00+09	t	f
480	30	20	60	0	201	15	2		2011-09-18 00:00:00+09	2011-09-18 00:00:00+09	t	f
481	30	21	57	0	200	15	2		2011-09-18 00:00:00+09	2011-09-18 00:00:00+09	t	f
482	30	22	55	0	199	15	2		2011-09-18 00:00:00+09	2011-09-18 00:00:00+09	t	f
483	30	23	63	0	200	15	2		2011-09-18 00:00:00+09	2011-09-18 00:00:00+09	t	f
484	30	24	61	0	221	15	2		2011-09-18 00:00:00+09	2011-09-18 00:00:00+09	t	f
485	30	25	53	0	210	15	2		2011-09-18 00:00:00+09	2011-09-18 00:00:00+09	t	f
486	30	26	92	0	192	15	2		2011-09-18 00:00:00+09	2011-09-18 00:00:00+09	t	f
487	30	27	107	0	211	15	2		2011-09-18 00:00:00+09	2011-09-18 00:00:00+09	t	f
98	13	1	62	0	281	11	9		2011-05-08 00:00:00+09	2011-09-18 16:22:27.190615+09	t	f
488	31	1	101	0	399	23	9		2011-09-18 16:30:26.319582+09	2011-09-18 16:33:54.394101+09	t	f
489	33	1	94	0	326	24	12		2011-09-18 16:51:37.078833+09	2011-09-18 16:51:37.122509+09	t	f
490	34	1	88	0	332	25	5		2011-09-18 16:58:07.14834+09	2011-09-18 16:58:07.189378+09	t	f
491	36	59	92	0	224	26	5		2011-09-18 17:13:08.21267+09	2011-09-18 17:15:16.903061+09	t	f
492	37	1	59	0	252	27	13		2011-09-18 17:29:22.878527+09	2011-09-18 17:29:22.933705+09	t	f
493	38	1	71	0	251	28	14		2011-09-18 18:08:53.366984+09	2011-09-18 18:08:53.421315+09	t	f
494	39	1	58	0	308	29	15		2011-09-18 18:15:04.790852+09	2011-09-18 18:15:04.844824+09	t	f
495	40	1	51	0	245	30	16		2011-09-18 20:56:14.262363+09	2011-09-18 20:56:14.290236+09	t	f
496	41	1	70	0	215	31	13		2011-09-18 21:03:35.649248+09	2011-09-18 21:03:35.676621+09	t	f
497	42	1	102	0	1	32	16		2011-09-18 23:28:01.676929+09	2011-09-18 23:28:01.720633+09	t	f
498	43	1	87	0	334	33	14		2011-09-19 00:04:13.65995+09	2011-09-19 00:04:13.697596+09	t	f
499	44	1	142	0	691	34	17		2011-09-19 00:11:30.506089+09	2011-09-19 00:11:30.542609+09	t	f
500	45	1	124	0	607	34	17		2011-09-19 00:18:51.167131+09	2011-09-19 00:18:51.205178+09	t	f
501	46	1	70	0	302	35	18		2011-09-19 00:28:02.761871+09	2011-09-19 00:28:02.795254+09	t	f
502	47	1	111	0	349	36	19		2011-09-19 00:37:05.662359+09	2011-09-19 00:37:05.702712+09	t	f
503	48	1	130	0	439	36	19		2011-09-19 00:38:53.049066+09	2011-09-19 00:38:53.083354+09	t	f
504	49	1	129	0	518	37	20		2011-09-19 00:53:23.343889+09	2011-09-19 00:53:23.397171+09	t	f
505	50	1	79	0	272	38	6		2011-09-19 23:56:36.259319+09	2011-09-19 23:56:36.337488+09	t	f
506	51	1	138	0	510	39	8		2011-09-20 00:02:16.691773+09	2011-09-20 00:02:16.765169+09	t	f
507	52	1	99	0	332	39	8		2011-09-20 00:08:35.702953+09	2011-09-20 00:08:35.7566+09	t	f
508	53	1	163	0	385	40	5		2011-09-20 00:31:30.941011+09	2011-09-20 00:31:30.987674+09	t	f
509	54	1	50	0	114	41	21		2011-09-20 00:00:00+09	2011-09-20 00:00:00+09	t	f
510	54	2	55	0	112	41	21		2011-09-20 00:00:00+09	2011-09-20 00:00:00+09	t	f
511	54	3	58	0	106	41	21		2011-09-20 00:00:00+09	2011-09-20 00:00:00+09	t	f
512	54	4	48	0	100	41	21		2011-09-20 00:00:00+09	2011-09-20 00:00:00+09	t	f
513	54	5	40	0	204	41	21		2011-09-20 00:00:00+09	2011-09-20 00:00:00+09	t	f
514	54	6	39	0	204	41	21		2011-09-20 00:00:00+09	2011-09-20 00:00:00+09	t	f
515	54	7	44	0	210	41	21		2011-09-20 00:00:00+09	2011-09-20 00:00:00+09	t	f
516	54	8	40	0	210	41	21		2011-09-20 00:00:00+09	2011-09-20 00:00:00+09	t	f
517	54	9	46	0	211	41	21		2011-09-20 00:00:00+09	2011-09-20 00:00:00+09	t	f
518	54	10	90	0	205	41	21		2011-09-20 00:00:00+09	2011-09-20 00:00:00+09	t	f
519	54	11	115	0	205	41	21		2011-09-20 00:00:00+09	2011-09-20 00:00:00+09	t	f
520	54	12	55	0	214	41	21		2011-09-20 00:00:00+09	2011-09-20 00:00:00+09	t	f
521	54	13	67	0	208	41	21		2011-09-20 00:00:00+09	2011-09-20 00:00:00+09	t	f
522	54	14	77	0	205	41	21		2011-09-20 00:00:00+09	2011-09-20 00:00:00+09	t	f
523	54	15	74	0	207	41	21		2011-09-20 00:00:00+09	2011-09-20 00:00:00+09	t	f
524	54	16	88	0	107	41	21		2011-09-20 00:00:00+09	2011-09-20 00:00:00+09	t	f
525	54	17	47	0	103	41	21		2011-09-20 00:00:00+09	2011-09-20 00:00:00+09	t	f
526	54	18	39	0	205	41	21		2011-09-20 00:00:00+09	2011-09-20 00:00:00+09	t	f
527	54	19	67	0	215	41	21		2011-09-20 00:00:00+09	2011-09-20 00:00:00+09	t	f
528	54	20	80	0	205	41	21		2011-09-20 00:00:00+09	2011-09-20 00:00:00+09	t	f
529	54	21	64	0	207	41	21		2011-09-20 00:00:00+09	2011-09-20 00:00:00+09	t	f
530	54	22	73	0	215	41	21		2011-09-20 00:00:00+09	2011-09-20 00:00:00+09	t	f
531	54	23	61	0	207	41	21		2011-09-20 00:00:00+09	2011-09-20 00:00:00+09	t	f
532	54	24	87	0	204	41	21		2011-09-20 00:00:00+09	2011-09-20 00:00:00+09	t	f
533	54	25	99	0	204	41	21		2011-09-20 00:00:00+09	2011-09-20 00:00:00+09	t	f
534	54	26	96	0	210	41	21		2011-09-20 00:00:00+09	2011-09-20 00:00:00+09	t	f
535	54	27	109	0	210	41	21		2011-09-20 00:00:00+09	2011-09-20 00:00:00+09	t	f
536	54	28	65	0	205	41	21		2011-09-20 00:00:00+09	2011-09-20 00:00:00+09	t	f
537	54	29	95	0	204	41	21		2011-09-20 00:00:00+09	2011-09-20 00:00:00+09	t	f
538	54	30	99	0	204	41	21		2011-09-20 00:00:00+09	2011-09-20 00:00:00+09	t	f
539	54	31	43	0	104	41	21		2011-09-20 00:00:00+09	2011-09-20 00:00:00+09	t	f
540	54	32	41	0	102	41	21		2011-09-20 00:00:00+09	2011-09-20 00:00:00+09	t	f
\.


--
-- Data for Name: book_publisher; Type: TABLE DATA; Schema: public; Owner: fujimo
--

COPY book_publisher (id, name) FROM stdin;
1	
2	集英社
3	スクウェア・エニックス
4	角川コミックス
5	技術評論社
6	秀和システム
7	ソフトバンクパブリッシング
8	ソフトバンククリエイティブ
9	翔泳社
10	講談社
11	徳間出版
12	C&R研究所
13	ソシム
14	毎日コミュニケーションズ
15	日本実業出版社
16	O'REILLY JAPAN
17	インプレスジャパン
18	ピアソン・エデュケーション
19	リックテレコム
20	ASCII
21	新潮社
\.


--
-- Data for Name: book_subcategory; Type: TABLE DATA; Schema: public; Owner: fujimo
--

COPY book_subcategory (id, name, url_name, category_id) FROM stdin;
1	ジャンプ	jump	2
2	少年コミック	boy_comics	2
3	青年コミック	young_comics	2
4	その他コミック	other_comics	2
5	Server	server	1
6	Linux	linux	1
8	Python	python	1
9	Java	java	1
10	Network	network	1
11	Webdb_press	webdb_press	1
12	Softwear_desing	softwear_desing	1
13	その他	other	1
7	php	php	1
16	O'REILLY	oreilly	1
17	Perl	perl	1
18	xhtml_css	xhtml_css	1
\.


--
-- Data for Name: book_writer; Type: TABLE DATA; Schema: public; Owner: fujimo
--

COPY book_writer (id, name) FROM stdin;
1	
2	岸本斉史
3	荒川弘
4	貞本義行・GAINAX
5	るびきち
6	露木 誠
7	伊藤直也ほか
8	デージーネット
9	四次元データ
10	青木峰郎
11	中島 能和
12	宮本 久仁男
13	平 初
14	鳥山 明
15	富樫 義博
16	井上 雄彦
17	古谷 実
18	武論尊・原哲夫
19	和月 伸宏
20	尾田 栄一郎
21	宮崎 駿
22	三条陸・稲田浩司
23	松信 嘉範
24	ミューテック
25	原一浩・青木真・川野辺亮・鵜飼孝陽
26	その他
27	藤本 壱
28	北村 健
29	西村 めぐみ
30	Stoyan Stefanou
31	大藤 幹
32	Rasmus Lerdorf・Kevin Tatroe・Peter MacIntyer
33	益子 貴寛ほか
34	株式会社ソキウス・ジャパン
35	マーティン・C・ブラウン
36	竹下 恵
37	増田　泰ほか
38	橋本正徳 縣俊貴
39	柴田 淳
40	杉本吉章ほか
41	北条 司
\.


--
-- Data for Name: django_admin_log; Type: TABLE DATA; Schema: public; Owner: fujimo
--

COPY django_admin_log (id, action_time, user_id, content_type_id, object_id, object_repr, action_flag, change_message) FROM stdin;
1	2011-05-20 13:05:39.161046+09	1	3	2	fujita	1	
2	2011-05-20 13:06:01.923985+09	1	3	2	fujita	2	is_staff と user_permissions を変更しました。
3	2011-05-20 13:06:20.899918+09	1	3	3	kyouhei	1	
4	2011-05-20 13:06:48.352994+09	1	3	3	kyouhei	2	is_staff と user_permissions を変更しました。
5	2011-05-20 13:07:03.179005+09	1	3	4	guest	1	
6	2011-05-20 13:07:20.395212+09	1	3	4	guest	2	is_staff と user_permissions を変更しました。
7	2011-08-16 21:32:35.735261+09	1	3	5	mieno	1	
8	2011-08-16 21:33:00.104792+09	1	3	5	mieno	2	is_active を変更しました。
9	2011-08-16 21:33:09.695889+09	1	3	5	mieno	2	is_staff を変更しました。
10	2011-08-16 23:41:53.891211+09	1	3	5	mieno	2	user_permissions を変更しました。
11	2011-08-16 23:42:36.690986+09	1	3	5	mieno	2	user_permissions を変更しました。
12	2011-08-16 23:44:07.310295+09	1	3	5	mieno	3	
13	2011-08-16 23:44:36.176954+09	1	3	6	mieno	1	
14	2011-08-16 23:45:15.57411+09	1	3	6	mieno	2	is_active, is_staff と user_permissions を変更しました。
15	2011-08-16 23:48:03.043358+09	1	3	6	mieno	2	is_active を変更しました。
16	2011-08-16 23:50:35.28296+09	1	3	7	setoguti	1	
17	2011-08-16 23:51:03.395916+09	1	3	7	setoguti	2	is_staff と user_permissions を変更しました。
\.


--
-- Data for Name: django_content_type; Type: TABLE DATA; Schema: public; Owner: fujimo
--

COPY django_content_type (id, name, app_label, model) FROM stdin;
1	permission	auth	permission
2	group	auth	group
3	user	auth	user
4	message	auth	message
5	content type	contenttypes	contenttype
6	session	sessions	session
7	site	sites	site
8	log entry	admin	logentry
9	category	book	category
10	sub category	book	subcategory
11	entry	book	entry
12	writer	book	writer
13	publisher	book	publisher
14	entry_ detail	book	entry_detail
15	what new	top	whatnew
\.


--
-- Data for Name: django_session; Type: TABLE DATA; Schema: public; Owner: fujimo
--

COPY django_session (session_key, session_data, expire_date) FROM stdin;
9c80c1a0488f8af6b8fd5f279f39b67e	gAJ9cQEoVRJfYXV0aF91c2VyX2JhY2tlbmRxAlUpZGphbmdvLmNvbnRyaWIuYXV0aC5iYWNrZW5k\ncy5Nb2RlbEJhY2tlbmRxA1UNX2F1dGhfdXNlcl9pZHEESwF1LjA4MjkwYmRiZmQyZWJjZmRmMTIw\nYjkyZTU2MDAyOGQw\n	2011-06-01 13:29:58.157193+09
975100924fbb7da3a73d1ffc8301f933	gAJ9cQEoVRJfYXV0aF91c2VyX2JhY2tlbmRxAlUpZGphbmdvLmNvbnRyaWIuYXV0aC5iYWNrZW5k\ncy5Nb2RlbEJhY2tlbmRxA1UNX2F1dGhfdXNlcl9pZHEESwF1LjA4MjkwYmRiZmQyZWJjZmRmMTIw\nYjkyZTU2MDAyOGQw\n	2011-06-02 16:50:20.469978+09
eeece26ede6cd9020920860b00e20d50	gAJ9cQEoVRJfYXV0aF91c2VyX2JhY2tlbmRxAlUpZGphbmdvLmNvbnRyaWIuYXV0aC5iYWNrZW5k\ncy5Nb2RlbEJhY2tlbmRxA1UNX2F1dGhfdXNlcl9pZHEESwF1LjA4MjkwYmRiZmQyZWJjZmRmMTIw\nYjkyZTU2MDAyOGQw\n	2011-06-03 16:10:22.333407+09
914013f76d2cb87ce6e005558057742e	gAJ9cQEoVRJfYXV0aF91c2VyX2JhY2tlbmRxAlUpZGphbmdvLmNvbnRyaWIuYXV0aC5iYWNrZW5k\ncy5Nb2RlbEJhY2tlbmRxA1UNX2F1dGhfdXNlcl9pZHEESwJ1LmI0NTU2ZTgxYThjNDU1NTkzMzdj\nNzdiODQ3NTkzNjE1\n	2011-06-05 21:21:27.533239+09
1f0813913b65f4910353c57aba0afcd5	gAJ9cQEoVRJfYXV0aF91c2VyX2JhY2tlbmRxAlUpZGphbmdvLmNvbnRyaWIuYXV0aC5iYWNrZW5k\ncy5Nb2RlbEJhY2tlbmRxA1UNX2F1dGhfdXNlcl9pZHEESwF1LjA4MjkwYmRiZmQyZWJjZmRmMTIw\nYjkyZTU2MDAyOGQw\n	2011-06-06 21:49:38.725032+09
13bdf5c317874aa5e82111c8206bf457	gAJ9cQEoVRJfYXV0aF91c2VyX2JhY2tlbmRxAlUpZGphbmdvLmNvbnRyaWIuYXV0aC5iYWNrZW5k\ncy5Nb2RlbEJhY2tlbmRxA1UNX2F1dGhfdXNlcl9pZHEESwF1LjA4MjkwYmRiZmQyZWJjZmRmMTIw\nYjkyZTU2MDAyOGQw\n	2011-06-07 10:41:58.51809+09
a14b43fe55c7162f4e55b6a9fa452714	gAJ9cQEoVRJfYXV0aF91c2VyX2JhY2tlbmRxAlUpZGphbmdvLmNvbnRyaWIuYXV0aC5iYWNrZW5k\ncy5Nb2RlbEJhY2tlbmRxA1UNX2F1dGhfdXNlcl9pZHEESwF1LjA4MjkwYmRiZmQyZWJjZmRmMTIw\nYjkyZTU2MDAyOGQw\n	2011-08-30 08:53:02.457945+09
93fc9b879b32593bd746ca69755fea55	gAJ9cQEoVRJfYXV0aF91c2VyX2JhY2tlbmRxAlUpZGphbmdvLmNvbnRyaWIuYXV0aC5iYWNrZW5k\ncy5Nb2RlbEJhY2tlbmRxA1UNX2F1dGhfdXNlcl9pZHEESwd1LjNhMDkxNDFiNjMyMzQ4NmJhMzgx\nNjIzNTk1YjgwMzIz\n	2011-08-30 23:51:21.718154+09
62bd0154bfbd1217c44dc05c65033771	gAJ9cQEoVRJfYXV0aF91c2VyX2JhY2tlbmRxAlUpZGphbmdvLmNvbnRyaWIuYXV0aC5iYWNrZW5k\ncy5Nb2RlbEJhY2tlbmRxA1UNX2F1dGhfdXNlcl9pZHEESwJ1LmI0NTU2ZTgxYThjNDU1NTkzMzdj\nNzdiODQ3NTkzNjE1\n	2011-08-27 18:46:46.232598+09
54470bc257017209e9d5ea0f3df9ed83	gAJ9cQEoVRJfYXV0aF91c2VyX2JhY2tlbmRxAlUpZGphbmdvLmNvbnRyaWIuYXV0aC5iYWNrZW5k\ncy5Nb2RlbEJhY2tlbmRxA1UNX2F1dGhfdXNlcl9pZHEESwN1LjI0YWQ2NzUzZGRlMmZjYjY2NDBi\nYjEwYjJlYjJkZGQ0\n	2011-09-05 20:33:59.753555+09
ea3f6885a4ea600b4673c4a1cf5d725c	gAJ9cQEoVRJfYXV0aF91c2VyX2JhY2tlbmRxAlUpZGphbmdvLmNvbnRyaWIuYXV0aC5iYWNrZW5k\ncy5Nb2RlbEJhY2tlbmRxA1UNX2F1dGhfdXNlcl9pZHEESwJ1LmI0NTU2ZTgxYThjNDU1NTkzMzdj\nNzdiODQ3NTkzNjE1\n	2011-09-06 20:30:12.049616+09
88ab499d0b70ffc3ddfe413c6e08643f	gAJ9cQEoVRJfYXV0aF91c2VyX2JhY2tlbmRxAlUpZGphbmdvLmNvbnRyaWIuYXV0aC5iYWNrZW5k\ncy5Nb2RlbEJhY2tlbmRxA1UNX2F1dGhfdXNlcl9pZHEESwN1LjI0YWQ2NzUzZGRlMmZjYjY2NDBi\nYjEwYjJlYjJkZGQ0\n	2011-08-27 18:56:34.117539+09
d99cbf13eabf0d88590e7a4873ba622d	gAJ9cQEoVRJfYXV0aF91c2VyX2JhY2tlbmRxAlUpZGphbmdvLmNvbnRyaWIuYXV0aC5iYWNrZW5k\ncy5Nb2RlbEJhY2tlbmRxA1UNX2F1dGhfdXNlcl9pZHEESwN1LjI0YWQ2NzUzZGRlMmZjYjY2NDBi\nYjEwYjJlYjJkZGQ0\n	2011-08-28 00:58:09.95777+09
c4072f78bc2e275c3c4e592818135bca	gAJ9cQEoVRJfYXV0aF91c2VyX2JhY2tlbmRxAlUpZGphbmdvLmNvbnRyaWIuYXV0aC5iYWNrZW5k\ncy5Nb2RlbEJhY2tlbmRxA1UNX2F1dGhfdXNlcl9pZHEESwF1LjA4MjkwYmRiZmQyZWJjZmRmMTIw\nYjkyZTU2MDAyOGQw\n	2011-08-30 21:33:42.947176+09
4820a33a5e32b9a43ddb05e832e00bb2	gAJ9cQEoVRJfYXV0aF91c2VyX2JhY2tlbmRxAlUpZGphbmdvLmNvbnRyaWIuYXV0aC5iYWNrZW5k\ncy5Nb2RlbEJhY2tlbmRxA1UNX2F1dGhfdXNlcl9pZHEESwF1LjA4MjkwYmRiZmQyZWJjZmRmMTIw\nYjkyZTU2MDAyOGQw\n	2011-08-30 23:27:05.192799+09
34d92417f98f9b2a129da12d39be35ce	gAJ9cQEoVRJfYXV0aF91c2VyX2JhY2tlbmRxAlUpZGphbmdvLmNvbnRyaWIuYXV0aC5iYWNrZW5k\ncy5Nb2RlbEJhY2tlbmRxA1UNX2F1dGhfdXNlcl9pZHEESwN1LjI0YWQ2NzUzZGRlMmZjYjY2NDBi\nYjEwYjJlYjJkZGQ0\n	2011-09-11 11:53:51.185114+09
6e78fac4a9b0625868e4ef02da54eaea	gAJ9cQEoVRJfYXV0aF91c2VyX2JhY2tlbmRxAlUpZGphbmdvLmNvbnRyaWIuYXV0aC5iYWNrZW5k\ncy5Nb2RlbEJhY2tlbmRxA1UNX2F1dGhfdXNlcl9pZHEESwF1LjA4MjkwYmRiZmQyZWJjZmRmMTIw\nYjkyZTU2MDAyOGQw\n	2011-09-17 01:04:32.161264+09
e07b343488748c0dc31643771e279567	gAJ9cQEoVRJfYXV0aF91c2VyX2JhY2tlbmRxAlUpZGphbmdvLmNvbnRyaWIuYXV0aC5iYWNrZW5k\ncy5Nb2RlbEJhY2tlbmRxA1UNX2F1dGhfdXNlcl9pZHEESwF1LjA4MjkwYmRiZmQyZWJjZmRmMTIw\nYjkyZTU2MDAyOGQw\n	2011-09-21 11:45:52.207801+09
f07d78bd81bff2c59af0a7ff2fbdfc19	gAJ9cQEoVRJfYXV0aF91c2VyX2JhY2tlbmRxAlUpZGphbmdvLmNvbnRyaWIuYXV0aC5iYWNrZW5k\ncy5Nb2RlbEJhY2tlbmRxA1UNX2F1dGhfdXNlcl9pZHEESwF1LjA4MjkwYmRiZmQyZWJjZmRmMTIw\nYjkyZTU2MDAyOGQw\n	2011-10-08 04:32:37.188614+09
0cc9667fa592ffc71f3169c7682b1b86	gAJ9cQEoVRJfYXV0aF91c2VyX2JhY2tlbmRxAlUpZGphbmdvLmNvbnRyaWIuYXV0aC5iYWNrZW5k\ncy5Nb2RlbEJhY2tlbmRxA1UNX2F1dGhfdXNlcl9pZHEESwJ1LmI0NTU2ZTgxYThjNDU1NTkzMzdj\nNzdiODQ3NTkzNjE1\n	2011-10-04 23:05:29.280069+09
8ef3651012f508a0af3c2e1631be4728	gAJ9cQFVCnRlc3Rjb29raWVxAlUGd29ya2VkcQNzLjQ5MTI5YTJhMmQ3ZTYwODUzNTVlNjdkMTc0\nNzg5N2U0\n	2011-10-07 20:38:34.61387+09
\.


--
-- Data for Name: django_site; Type: TABLE DATA; Schema: public; Owner: fujimo
--

COPY django_site (id, domain, name) FROM stdin;
1	example.com	example.com
\.


--
-- Data for Name: top_whatnew; Type: TABLE DATA; Schema: public; Owner: fujimo
--

COPY top_whatnew (id, regist_date, content) FROM stdin;
1	2011-04-01 00:00:00+09	リニューアル
5	2011-04-05 00:00:00+09	認証機能を追加
6	2011-04-06 00:00:00+09	music、movie機能を停止
3	2011-04-03 00:00:00+09	bookの詳細情報表示機能を追加
4	2011-04-04 00:00:00+09	機能追加\r\n・アップロード機能\r\n・全文検索機能（技術本のみ）
10	2011-05-20 11:02:47.750072+09	技術本のサムネイルのみ一部追加\r\n（電子書籍は裁断中）
9	2011-05-17 10:51:41.89602+09	漫画を追加\r\n・one piece\r\n・エヴァンゲリオン（9巻、10巻はまだない）\r\n・鋼の錬金術師\r\n・バガボンド\r\n・ドラゴンボール\r\n\r\n
12	2011-05-22 23:52:11.399183+09	ワンピース28巻 追加
2	2011-04-02 00:00:00+09	漫画を追加\r\n・北斗の拳\r\n・naruto
13	2011-08-30 00:19:04.715873+09	zsh最強シェルを追加
14	2011-09-07 06:56:38.549689+09	初めてのPHP5を追加
15	2011-09-18 03:25:30.844395+09	・ワンピース 63巻追加\r\n・ナルト 55、56巻追加\r\n・ハンターxハンター 1~27巻追加
16	2011-09-20 00:15:01.456286+09	技術本 30冊追加
17	2011-09-20 02:41:07.051383+09	エンジェルハート 全32巻を追加
18	2011-09-23 17:03:33.809673+09	サイトをプチリニューアル中なんで\r\n突然エラー画面になるかも・・・
\.


--
-- Name: auth_group_name_key; Type: CONSTRAINT; Schema: public; Owner: fujimo; Tablespace: 
--

ALTER TABLE ONLY auth_group
    ADD CONSTRAINT auth_group_name_key UNIQUE (name);


--
-- Name: auth_group_permissions_group_id_key; Type: CONSTRAINT; Schema: public; Owner: fujimo; Tablespace: 
--

ALTER TABLE ONLY auth_group_permissions
    ADD CONSTRAINT auth_group_permissions_group_id_key UNIQUE (group_id, permission_id);


--
-- Name: auth_group_permissions_pkey; Type: CONSTRAINT; Schema: public; Owner: fujimo; Tablespace: 
--

ALTER TABLE ONLY auth_group_permissions
    ADD CONSTRAINT auth_group_permissions_pkey PRIMARY KEY (id);


--
-- Name: auth_group_pkey; Type: CONSTRAINT; Schema: public; Owner: fujimo; Tablespace: 
--

ALTER TABLE ONLY auth_group
    ADD CONSTRAINT auth_group_pkey PRIMARY KEY (id);


--
-- Name: auth_message_pkey; Type: CONSTRAINT; Schema: public; Owner: fujimo; Tablespace: 
--

ALTER TABLE ONLY auth_message
    ADD CONSTRAINT auth_message_pkey PRIMARY KEY (id);


--
-- Name: auth_permission_content_type_id_key; Type: CONSTRAINT; Schema: public; Owner: fujimo; Tablespace: 
--

ALTER TABLE ONLY auth_permission
    ADD CONSTRAINT auth_permission_content_type_id_key UNIQUE (content_type_id, codename);


--
-- Name: auth_permission_pkey; Type: CONSTRAINT; Schema: public; Owner: fujimo; Tablespace: 
--

ALTER TABLE ONLY auth_permission
    ADD CONSTRAINT auth_permission_pkey PRIMARY KEY (id);


--
-- Name: auth_user_groups_pkey; Type: CONSTRAINT; Schema: public; Owner: fujimo; Tablespace: 
--

ALTER TABLE ONLY auth_user_groups
    ADD CONSTRAINT auth_user_groups_pkey PRIMARY KEY (id);


--
-- Name: auth_user_groups_user_id_key; Type: CONSTRAINT; Schema: public; Owner: fujimo; Tablespace: 
--

ALTER TABLE ONLY auth_user_groups
    ADD CONSTRAINT auth_user_groups_user_id_key UNIQUE (user_id, group_id);


--
-- Name: auth_user_pkey; Type: CONSTRAINT; Schema: public; Owner: fujimo; Tablespace: 
--

ALTER TABLE ONLY auth_user
    ADD CONSTRAINT auth_user_pkey PRIMARY KEY (id);


--
-- Name: auth_user_user_permissions_pkey; Type: CONSTRAINT; Schema: public; Owner: fujimo; Tablespace: 
--

ALTER TABLE ONLY auth_user_user_permissions
    ADD CONSTRAINT auth_user_user_permissions_pkey PRIMARY KEY (id);


--
-- Name: auth_user_user_permissions_user_id_key; Type: CONSTRAINT; Schema: public; Owner: fujimo; Tablespace: 
--

ALTER TABLE ONLY auth_user_user_permissions
    ADD CONSTRAINT auth_user_user_permissions_user_id_key UNIQUE (user_id, permission_id);


--
-- Name: auth_user_username_key; Type: CONSTRAINT; Schema: public; Owner: fujimo; Tablespace: 
--

ALTER TABLE ONLY auth_user
    ADD CONSTRAINT auth_user_username_key UNIQUE (username);


--
-- Name: book_category_name_key; Type: CONSTRAINT; Schema: public; Owner: fujimo; Tablespace: 
--

ALTER TABLE ONLY book_category
    ADD CONSTRAINT book_category_name_key UNIQUE (name);


--
-- Name: book_category_pkey; Type: CONSTRAINT; Schema: public; Owner: fujimo; Tablespace: 
--

ALTER TABLE ONLY book_category
    ADD CONSTRAINT book_category_pkey PRIMARY KEY (id);


--
-- Name: book_category_url_name_key; Type: CONSTRAINT; Schema: public; Owner: fujimo; Tablespace: 
--

ALTER TABLE ONLY book_category
    ADD CONSTRAINT book_category_url_name_key UNIQUE (url_name);


--
-- Name: book_entry_detail_pkey; Type: CONSTRAINT; Schema: public; Owner: fujimo; Tablespace: 
--

ALTER TABLE ONLY book_entry_detail
    ADD CONSTRAINT book_entry_detail_pkey PRIMARY KEY (id);


--
-- Name: book_entry_pkey; Type: CONSTRAINT; Schema: public; Owner: fujimo; Tablespace: 
--

ALTER TABLE ONLY book_entry
    ADD CONSTRAINT book_entry_pkey PRIMARY KEY (id);


--
-- Name: book_entry_title_key; Type: CONSTRAINT; Schema: public; Owner: fujimo; Tablespace: 
--

ALTER TABLE ONLY book_entry
    ADD CONSTRAINT book_entry_title_key UNIQUE (title);


--
-- Name: book_entry_url_title_key; Type: CONSTRAINT; Schema: public; Owner: fujimo; Tablespace: 
--

ALTER TABLE ONLY book_entry
    ADD CONSTRAINT book_entry_url_title_key UNIQUE (url_title);


--
-- Name: book_publisher_name_key; Type: CONSTRAINT; Schema: public; Owner: fujimo; Tablespace: 
--

ALTER TABLE ONLY book_publisher
    ADD CONSTRAINT book_publisher_name_key UNIQUE (name);


--
-- Name: book_publisher_pkey; Type: CONSTRAINT; Schema: public; Owner: fujimo; Tablespace: 
--

ALTER TABLE ONLY book_publisher
    ADD CONSTRAINT book_publisher_pkey PRIMARY KEY (id);


--
-- Name: book_subcategory_name_key; Type: CONSTRAINT; Schema: public; Owner: fujimo; Tablespace: 
--

ALTER TABLE ONLY book_subcategory
    ADD CONSTRAINT book_subcategory_name_key UNIQUE (name);


--
-- Name: book_subcategory_pkey; Type: CONSTRAINT; Schema: public; Owner: fujimo; Tablespace: 
--

ALTER TABLE ONLY book_subcategory
    ADD CONSTRAINT book_subcategory_pkey PRIMARY KEY (id);


--
-- Name: book_subcategory_url_name_key; Type: CONSTRAINT; Schema: public; Owner: fujimo; Tablespace: 
--

ALTER TABLE ONLY book_subcategory
    ADD CONSTRAINT book_subcategory_url_name_key UNIQUE (url_name);


--
-- Name: book_writer_name_key; Type: CONSTRAINT; Schema: public; Owner: fujimo; Tablespace: 
--

ALTER TABLE ONLY book_writer
    ADD CONSTRAINT book_writer_name_key UNIQUE (name);


--
-- Name: book_writer_pkey; Type: CONSTRAINT; Schema: public; Owner: fujimo; Tablespace: 
--

ALTER TABLE ONLY book_writer
    ADD CONSTRAINT book_writer_pkey PRIMARY KEY (id);


--
-- Name: django_admin_log_pkey; Type: CONSTRAINT; Schema: public; Owner: fujimo; Tablespace: 
--

ALTER TABLE ONLY django_admin_log
    ADD CONSTRAINT django_admin_log_pkey PRIMARY KEY (id);


--
-- Name: django_content_type_app_label_key; Type: CONSTRAINT; Schema: public; Owner: fujimo; Tablespace: 
--

ALTER TABLE ONLY django_content_type
    ADD CONSTRAINT django_content_type_app_label_key UNIQUE (app_label, model);


--
-- Name: django_content_type_pkey; Type: CONSTRAINT; Schema: public; Owner: fujimo; Tablespace: 
--

ALTER TABLE ONLY django_content_type
    ADD CONSTRAINT django_content_type_pkey PRIMARY KEY (id);


--
-- Name: django_session_pkey; Type: CONSTRAINT; Schema: public; Owner: fujimo; Tablespace: 
--

ALTER TABLE ONLY django_session
    ADD CONSTRAINT django_session_pkey PRIMARY KEY (session_key);


--
-- Name: django_site_pkey; Type: CONSTRAINT; Schema: public; Owner: fujimo; Tablespace: 
--

ALTER TABLE ONLY django_site
    ADD CONSTRAINT django_site_pkey PRIMARY KEY (id);


--
-- Name: top_whatnew_pkey; Type: CONSTRAINT; Schema: public; Owner: fujimo; Tablespace: 
--

ALTER TABLE ONLY top_whatnew
    ADD CONSTRAINT top_whatnew_pkey PRIMARY KEY (id);


--
-- Name: auth_message_user_id; Type: INDEX; Schema: public; Owner: fujimo; Tablespace: 
--

CREATE INDEX auth_message_user_id ON auth_message USING btree (user_id);


--
-- Name: auth_permission_content_type_id; Type: INDEX; Schema: public; Owner: fujimo; Tablespace: 
--

CREATE INDEX auth_permission_content_type_id ON auth_permission USING btree (content_type_id);


--
-- Name: book_entry_category_id; Type: INDEX; Schema: public; Owner: fujimo; Tablespace: 
--

CREATE INDEX book_entry_category_id ON book_entry USING btree (category_id);


--
-- Name: book_entry_detail_entry_id; Type: INDEX; Schema: public; Owner: fujimo; Tablespace: 
--

CREATE INDEX book_entry_detail_entry_id ON book_entry_detail USING btree (entry_id);


--
-- Name: book_entry_detail_publisher_id; Type: INDEX; Schema: public; Owner: fujimo; Tablespace: 
--

CREATE INDEX book_entry_detail_publisher_id ON book_entry_detail USING btree (publisher_id);


--
-- Name: book_entry_detail_writer_id; Type: INDEX; Schema: public; Owner: fujimo; Tablespace: 
--

CREATE INDEX book_entry_detail_writer_id ON book_entry_detail USING btree (writer_id);


--
-- Name: book_entry_subcategory_id; Type: INDEX; Schema: public; Owner: fujimo; Tablespace: 
--

CREATE INDEX book_entry_subcategory_id ON book_entry USING btree (subcategory_id);


--
-- Name: book_subcategory_category_id; Type: INDEX; Schema: public; Owner: fujimo; Tablespace: 
--

CREATE INDEX book_subcategory_category_id ON book_subcategory USING btree (category_id);


--
-- Name: django_admin_log_content_type_id; Type: INDEX; Schema: public; Owner: fujimo; Tablespace: 
--

CREATE INDEX django_admin_log_content_type_id ON django_admin_log USING btree (content_type_id);


--
-- Name: django_admin_log_user_id; Type: INDEX; Schema: public; Owner: fujimo; Tablespace: 
--

CREATE INDEX django_admin_log_user_id ON django_admin_log USING btree (user_id);


--
-- Name: auth_group_permissions_group_id_fkey; Type: FK CONSTRAINT; Schema: public; Owner: fujimo
--

ALTER TABLE ONLY auth_group_permissions
    ADD CONSTRAINT auth_group_permissions_group_id_fkey FOREIGN KEY (group_id) REFERENCES auth_group(id) DEFERRABLE INITIALLY DEFERRED;


--
-- Name: auth_group_permissions_permission_id_fkey; Type: FK CONSTRAINT; Schema: public; Owner: fujimo
--

ALTER TABLE ONLY auth_group_permissions
    ADD CONSTRAINT auth_group_permissions_permission_id_fkey FOREIGN KEY (permission_id) REFERENCES auth_permission(id) DEFERRABLE INITIALLY DEFERRED;


--
-- Name: auth_message_user_id_fkey; Type: FK CONSTRAINT; Schema: public; Owner: fujimo
--

ALTER TABLE ONLY auth_message
    ADD CONSTRAINT auth_message_user_id_fkey FOREIGN KEY (user_id) REFERENCES auth_user(id) DEFERRABLE INITIALLY DEFERRED;


--
-- Name: auth_user_groups_group_id_fkey; Type: FK CONSTRAINT; Schema: public; Owner: fujimo
--

ALTER TABLE ONLY auth_user_groups
    ADD CONSTRAINT auth_user_groups_group_id_fkey FOREIGN KEY (group_id) REFERENCES auth_group(id) DEFERRABLE INITIALLY DEFERRED;


--
-- Name: auth_user_groups_user_id_fkey; Type: FK CONSTRAINT; Schema: public; Owner: fujimo
--

ALTER TABLE ONLY auth_user_groups
    ADD CONSTRAINT auth_user_groups_user_id_fkey FOREIGN KEY (user_id) REFERENCES auth_user(id) DEFERRABLE INITIALLY DEFERRED;


--
-- Name: auth_user_user_permissions_permission_id_fkey; Type: FK CONSTRAINT; Schema: public; Owner: fujimo
--

ALTER TABLE ONLY auth_user_user_permissions
    ADD CONSTRAINT auth_user_user_permissions_permission_id_fkey FOREIGN KEY (permission_id) REFERENCES auth_permission(id) DEFERRABLE INITIALLY DEFERRED;


--
-- Name: auth_user_user_permissions_user_id_fkey; Type: FK CONSTRAINT; Schema: public; Owner: fujimo
--

ALTER TABLE ONLY auth_user_user_permissions
    ADD CONSTRAINT auth_user_user_permissions_user_id_fkey FOREIGN KEY (user_id) REFERENCES auth_user(id) DEFERRABLE INITIALLY DEFERRED;


--
-- Name: book_entry_category_id_fkey; Type: FK CONSTRAINT; Schema: public; Owner: fujimo
--

ALTER TABLE ONLY book_entry
    ADD CONSTRAINT book_entry_category_id_fkey FOREIGN KEY (category_id) REFERENCES book_category(id) DEFERRABLE INITIALLY DEFERRED;


--
-- Name: book_entry_detail_entry_id_fkey; Type: FK CONSTRAINT; Schema: public; Owner: fujimo
--

ALTER TABLE ONLY book_entry_detail
    ADD CONSTRAINT book_entry_detail_entry_id_fkey FOREIGN KEY (entry_id) REFERENCES book_entry(id) DEFERRABLE INITIALLY DEFERRED;


--
-- Name: book_entry_detail_publisher_id_fkey; Type: FK CONSTRAINT; Schema: public; Owner: fujimo
--

ALTER TABLE ONLY book_entry_detail
    ADD CONSTRAINT book_entry_detail_publisher_id_fkey FOREIGN KEY (publisher_id) REFERENCES book_publisher(id) DEFERRABLE INITIALLY DEFERRED;


--
-- Name: book_entry_detail_writer_id_fkey; Type: FK CONSTRAINT; Schema: public; Owner: fujimo
--

ALTER TABLE ONLY book_entry_detail
    ADD CONSTRAINT book_entry_detail_writer_id_fkey FOREIGN KEY (writer_id) REFERENCES book_writer(id) DEFERRABLE INITIALLY DEFERRED;


--
-- Name: book_entry_subcategory_id_fkey; Type: FK CONSTRAINT; Schema: public; Owner: fujimo
--

ALTER TABLE ONLY book_entry
    ADD CONSTRAINT book_entry_subcategory_id_fkey FOREIGN KEY (subcategory_id) REFERENCES book_subcategory(id) DEFERRABLE INITIALLY DEFERRED;


--
-- Name: book_subcategory_category_id_fkey; Type: FK CONSTRAINT; Schema: public; Owner: fujimo
--

ALTER TABLE ONLY book_subcategory
    ADD CONSTRAINT book_subcategory_category_id_fkey FOREIGN KEY (category_id) REFERENCES book_category(id) DEFERRABLE INITIALLY DEFERRED;


--
-- Name: content_type_id_refs_id_6bc81a32728de91f; Type: FK CONSTRAINT; Schema: public; Owner: fujimo
--

ALTER TABLE ONLY auth_permission
    ADD CONSTRAINT content_type_id_refs_id_6bc81a32728de91f FOREIGN KEY (content_type_id) REFERENCES django_content_type(id) DEFERRABLE INITIALLY DEFERRED;


--
-- Name: django_admin_log_content_type_id_fkey; Type: FK CONSTRAINT; Schema: public; Owner: fujimo
--

ALTER TABLE ONLY django_admin_log
    ADD CONSTRAINT django_admin_log_content_type_id_fkey FOREIGN KEY (content_type_id) REFERENCES django_content_type(id) DEFERRABLE INITIALLY DEFERRED;


--
-- Name: django_admin_log_user_id_fkey; Type: FK CONSTRAINT; Schema: public; Owner: fujimo
--

ALTER TABLE ONLY django_admin_log
    ADD CONSTRAINT django_admin_log_user_id_fkey FOREIGN KEY (user_id) REFERENCES auth_user(id) DEFERRABLE INITIALLY DEFERRED;


--
-- Name: public; Type: ACL; Schema: -; Owner: postgres
--

REVOKE ALL ON SCHEMA public FROM PUBLIC;
REVOKE ALL ON SCHEMA public FROM postgres;
GRANT ALL ON SCHEMA public TO postgres;
GRANT ALL ON SCHEMA public TO PUBLIC;


--
-- PostgreSQL database dump complete
--

