1,1,1,24,0,195,,1,0,0,2011-05-07 00:00:00,2011-05-07 00:00:00
2,1,2,59,0,202,,1,0,0,2011-05-07 00:00:00,2011-05-07 00:00:00
3,1,3,42,0,201,,1,0,0,2011-05-07 00:00:00,2011-05-07 00:00:00
4,1,4,38,0,175,,1,0,0,2011-05-07 00:00:00,2011-05-07 00:00:00
5,1,5,31,0,178,,1,0,0,2011-05-07 00:00:00,2011-05-07 00:00:00
6,1,6,45,0,186,,1,0,0,2011-05-07 00:00:00,2011-05-07 00:00:00
8,1,8,60,0,184,,1,0,0,2011-05-07 00:00:00,2011-05-07 00:00:00
9,1,9,26,0,181,,1,0,0,2011-05-07 00:00:00,2011-05-07 00:00:00
10,1,10,29,0,187,,1,0,0,2011-05-07 00:00:00,2011-05-07 00:00:00
11,1,11,30,0,191,,1,0,0,2011-05-07 00:00:00,2011-05-07 00:00:00
12,1,12,32,0,199,,1,0,0,2011-05-07 00:00:00,2011-05-07 00:00:00
13,1,13,62,0,189,,1,0,0,2011-05-07 00:00:00,2011-05-07 00:00:00
14,1,14,60,0,180,,1,0,0,2011-05-07 00:00:00,2011-05-07 00:00:00
15,1,15,34,0,187,,1,0,0,2011-05-07 00:00:00,2011-05-07 00:00:00
16,1,16,54,0,193,,1,0,0,2011-05-07 00:00:00,2011-05-07 00:00:00
17,1,17,30,0,193,,1,0,0,2011-05-07 00:00:00,2011-05-07 00:00:00
18,1,18,31,0,197,,1,0,0,2011-05-07 00:00:00,2011-05-07 00:00:00
19,1,19,36,0,180,,1,0,0,2011-05-07 00:00:00,2011-05-07 00:00:00
20,1,20,40,0,181,,1,0,0,2011-05-07 00:00:00,2011-05-07 00:00:00
21,1,21,57,0,202,,1,0,0,2011-05-07 00:00:00,2011-05-07 00:00:00
22,1,22,55,0,181,,1,0,0,2011-05-07 00:00:00,2011-05-07 00:00:00
23,1,23,55,0,183,,1,0,0,2011-05-07 00:00:00,2011-05-07 00:00:00
24,1,24,51,0,180,,1,0,0,2011-05-07 00:00:00,2011-05-07 00:00:00
25,1,25,45,0,187,,1,0,0,2011-05-07 00:00:00,2011-05-07 00:00:00
26,1,26,49,0,176,,1,0,0,2011-05-07 00:00:00,2011-05-07 00:00:00
27,1,27,48,0,184,,1,0,0,2011-05-07 00:00:00,2011-05-07 00:00:00
28,1,28,45,0,182,,1,0,0,2011-05-07 00:00:00,2011-05-07 00:00:00
30,1,30,54,0,182,,1,0,0,2011-05-07 00:00:00,2011-05-07 00:00:00
31,1,31,41,0,177,,1,0,0,2011-05-07 00:00:00,2011-05-07 00:00:00
32,1,32,41,0,187,,1,0,0,2011-05-07 00:00:00,2011-05-07 00:00:00
33,1,33,51,0,193,,1,0,0,2011-05-07 00:00:00,2011-05-07 00:00:00
34,1,34,93,0,193,,1,0,0,2011-05-07 00:00:00,2011-05-07 00:00:00
35,1,35,34,0,194,,1,0,0,2011-05-07 00:00:00,2011-05-07 00:00:00
36,1,36,36,0,188,,1,0,0,2011-05-07 00:00:00,2011-05-07 00:00:00
37,1,37,40,0,186,,1,0,0,2011-05-07 00:00:00,2011-05-07 00:00:00
38,1,38,51,0,182,,1,0,0,2011-05-07 00:00:00,2011-05-07 00:00:00
39,1,39,59,0,194,,1,0,0,2011-05-07 00:00:00,2011-05-07 00:00:00
42,1,42,62,0,193,,1,0,0,2011-05-07 00:00:00,2011-05-07 00:00:00
43,1,43,67,0,250,,1,0,0,2011-05-07 00:00:00,2011-05-07 00:00:00
44,1,44,53,0,192,,1,0,0,2011-05-07 00:00:00,2011-05-07 00:00:00
45,1,45,73,0,95,,1,0,0,2011-05-07 00:00:00,2011-05-07 00:00:00
47,1,47,59,0,98,,1,0,0,2011-05-07 00:00:00,2011-05-07 00:00:00
48,1,48,64,0,106,,1,0,0,2011-05-07 00:00:00,2011-05-07 00:00:00
49,1,49,103,0,193,,1,0,0,2011-05-07 00:00:00,2011-05-07 00:00:00
50,1,50,100,0,191,,1,0,0,2011-05-07 00:00:00,2011-05-07 00:00:00
51,1,51,75,0,195,,1,0,0,2011-05-13 00:00:00,2011-05-13 00:00:00
52,1,52,76,0,210,,1,0,0,2011-05-13 00:00:00,2011-05-13 00:00:00
53,2,1,47,0,183,,1,0,0,2011-05-07 00:00:00,2011-05-07 00:00:00
54,2,2,44,0,188,,1,0,0,2011-05-07 00:00:00,2011-05-07 00:00:00
55,2,3,45,0,187,,1,0,0,2011-05-07 00:00:00,2011-05-07 00:00:00
56,2,4,44,0,193,,1,0,0,2011-05-07 00:00:00,2011-05-07 00:00:00
57,2,5,47,0,191,,1,0,0,2011-05-07 00:00:00,2011-05-07 00:00:00
58,2,6,35,0,190,,1,0,0,2011-05-07 00:00:00,2011-05-07 00:00:00
59,2,7,47,0,188,,1,0,0,2011-05-07 00:00:00,2011-05-07 00:00:00
60,2,8,52,0,177,,1,0,0,2011-05-07 00:00:00,2011-05-07 00:00:00
61,2,9,47,0,182,,1,0,0,2011-05-07 00:00:00,2011-05-07 00:00:00
62,2,10,51,0,187,,1,0,0,2011-05-07 00:00:00,2011-05-07 00:00:00
63,2,11,46,0,184,,1,0,0,2011-05-07 00:00:00,2011-05-07 00:00:00
64,2,12,55,0,185,,1,0,0,2011-05-07 00:00:00,2011-05-07 00:00:00
65,2,13,57,0,182,,1,0,0,2011-05-07 00:00:00,2011-05-07 00:00:00
66,2,14,54,0,192,,1,0,0,2011-05-07 00:00:00,2011-05-07 00:00:00
67,2,15,53,0,185,,1,0,0,2011-05-07 00:00:00,2011-05-07 00:00:00
68,2,16,52,0,189,,1,0,0,2011-05-07 00:00:00,2011-05-07 00:00:00
69,2,17,53,0,186,,1,0,0,2011-05-07 00:00:00,2011-05-07 00:00:00
70,2,18,31,0,187,,1,0,0,2011-05-07 00:00:00,2011-05-07 00:00:00
71,2,19,65,0,192,,1,0,0,2011-05-07 00:00:00,2011-05-07 00:00:00
72,2,20,65,0,195,,1,0,0,2011-05-07 00:00:00,2011-05-07 00:00:00
73,2,21,58,0,195,,1,0,0,2011-05-07 00:00:00,2011-05-07 00:00:00
74,2,22,79,0,193,,1,0,0,2011-05-20 01:32:11,2011-05-07 00:00:00
75,2,23,58,0,194,,1,0,0,2011-05-20 01:33:13,2011-05-07 00:00:00
76,2,24,62,0,194,,1,0,0,2011-05-20 01:33:58,2011-05-07 00:00:00
77,2,25,59,0,101,,1,0,0,2011-05-20 01:34:42,2011-05-07 00:00:00
78,2,26,72,0,194,,1,0,0,2011-05-20 01:35:20,2011-05-07 00:00:00
79,2,27,81,0,216,,1,0,0,2011-05-07 00:00:00,2011-05-07 00:00:00
80,3,1,71,0,178,,1,0,0,2011-05-07 00:00:00,2011-05-07 00:00:00
81,3,2,68,0,178,,1,0,0,2011-05-07 00:00:00,2011-05-07 00:00:00
82,3,3,41,0,172,,1,0,0,2011-05-07 00:00:00,2011-05-07 00:00:00
83,3,4,35,0,187,,1,0,0,2011-05-07 00:00:00,2011-05-07 00:00:00
84,3,5,71,0,192,,1,0,0,2011-05-07 00:00:00,2011-05-07 00:00:00
85,3,6,67,0,188,,1,0,0,2011-05-07 00:00:00,2011-05-07 00:00:00
86,3,7,48,0,96,,1,0,0,2011-05-07 00:00:00,2011-05-07 00:00:00
87,3,8,30,0,176,,1,0,0,2011-05-07 00:00:00,2011-05-07 00:00:00
88,3,9,0,0,0,,1,0,0,2011-05-20 10:48:22,2011-05-07 00:00:00
89,3,10,0,0,0,,1,0,0,2011-05-20 10:48:02,2011-05-07 00:00:00
90,3,11,69,0,174,,1,0,0,2011-05-20 10:48:47,2011-05-07 00:00:00
91,3,12,107,0,181,,1,0,0,2011-05-07 00:00:00,2011-05-07 00:00:00
93,8,1,86,0,293,,1,0,0,2011-09-19 23:43:23,2011-05-08 00:00:00
94,9,1,78,0,389,,1,0,0,2011-09-18 16:19:56,2011-05-08 00:00:00
95,10,1,162,0,566,,1,0,0,2011-09-18 16:16:22,2011-05-08 00:00:00
96,11,1,125,0,358,,1,0,0,2011-09-19 23:40:50,2011-05-08 00:00:00
97,12,1,121,0,482,,1,0,0,2011-09-19 23:47:13,2011-05-08 00:00:00
98,13,1,62,0,281,,1,0,0,2011-09-18 16:22:27,2011-05-08 00:00:00
101,19,1,3,0,135,,1,0,0,2011-05-17 22:46:59,2011-05-17 22:46:59
102,20,1,5,0,273,,1,0,0,2011-05-17 22:48:37,2011-05-17 22:48:37
145,4,1,27,0,189,,1,0,0,2011-05-19 00:00:00,2011-05-19 00:00:00
146,4,2,30,0,188,,1,0,0,2011-05-19 00:00:00,2011-05-19 00:00:00
147,4,3,32,0,187,,1,0,0,2011-05-19 00:00:00,2011-05-19 00:00:00
148,4,4,31,0,189,,1,0,0,2011-05-19 00:00:00,2011-05-19 00:00:00
149,4,5,29,0,189,,1,0,0,2011-05-19 00:00:00,2011-05-19 00:00:00
150,4,6,33,0,189,,1,0,0,2011-05-19 00:00:00,2011-05-19 00:00:00
151,4,7,36,0,191,,1,0,0,2011-05-19 00:00:00,2011-05-19 00:00:00
152,4,8,33,0,188,,1,0,0,2011-05-19 00:00:00,2011-05-19 00:00:00
153,4,9,31,0,190,,1,0,0,2011-05-19 00:00:00,2011-05-19 00:00:00
154,4,10,31,0,189,,1,0,0,2011-05-19 00:00:00,2011-05-19 00:00:00
155,4,11,30,0,186,,1,0,0,2011-05-19 00:00:00,2011-05-19 00:00:00
156,4,12,34,0,187,,1,0,0,2011-05-19 00:00:00,2011-05-19 00:00:00
157,4,13,30,0,187,,1,0,0,2011-05-19 00:00:00,2011-05-19 00:00:00
158,4,14,33,0,186,,1,0,0,2011-05-19 00:00:00,2011-05-19 00:00:00
159,4,15,35,0,186,,1,0,0,2011-05-19 00:00:00,2011-05-19 00:00:00
160,4,16,34,0,186,,1,0,0,2011-05-19 00:00:00,2011-05-19 00:00:00
161,4,17,32,0,186,,1,0,0,2011-05-19 00:00:00,2011-05-19 00:00:00
162,4,18,33,0,186,,1,0,0,2011-05-19 00:00:00,2011-05-19 00:00:00
163,4,19,31,0,186,,1,0,0,2011-05-19 00:00:00,2011-05-19 00:00:00
164,4,20,48,0,189,,1,0,0,2011-05-19 00:00:00,2011-05-19 00:00:00
165,4,21,46,0,188,,1,0,0,2011-05-19 00:00:00,2011-05-19 00:00:00
166,4,22,46,0,187,,1,0,0,2011-05-19 00:00:00,2011-05-19 00:00:00
167,4,23,48,0,188,,1,0,0,2011-05-19 00:00:00,2011-05-19 00:00:00
168,4,24,46,0,188,,1,0,0,2011-05-19 00:00:00,2011-05-19 00:00:00
169,4,25,44,0,187,,1,0,0,2011-05-19 00:00:00,2011-05-19 00:00:00
170,4,26,45,0,191,,1,0,0,2011-05-19 00:00:00,2011-05-19 00:00:00
171,4,27,45,0,191,,1,0,0,2011-05-19 00:00:00,2011-05-19 00:00:00
172,4,28,45,0,191,,1,0,0,2011-05-19 00:00:00,2011-05-19 00:00:00
173,4,29,48,0,191,,1,0,0,2011-05-19 00:00:00,2011-05-19 00:00:00
174,4,30,49,0,191,,1,0,0,2011-05-19 00:00:00,2011-05-19 00:00:00
175,4,31,50,0,191,,1,0,0,2011-05-19 00:00:00,2011-05-19 00:00:00
176,4,32,48,0,188,,1,0,0,2011-05-19 00:00:00,2011-05-19 00:00:00
177,4,33,44,0,192,,1,0,0,2011-05-19 00:00:00,2011-05-19 00:00:00
178,4,34,45,0,191,,1,0,0,2011-05-19 00:00:00,2011-05-19 00:00:00
179,4,35,42,0,188,,1,0,0,2011-05-19 00:00:00,2011-05-19 00:00:00
180,4,36,50,0,186,,1,0,0,2011-05-19 00:00:00,2011-05-19 00:00:00
181,4,37,34,0,98,,1,0,0,2011-05-19 00:00:00,2011-05-19 00:00:00
182,4,38,28,0,99,,1,0,0,2011-05-19 00:00:00,2011-05-19 00:00:00
183,4,39,27,0,95,,1,0,0,2011-05-19 00:00:00,2011-05-19 00:00:00
184,4,40,26,0,188,,1,0,0,2011-05-19 00:00:00,2011-05-19 00:00:00
185,4,41,37,0,122,,1,0,0,2011-05-19 00:00:00,2011-05-19 00:00:00
186,4,42,45,0,247,,1,0,0,2011-05-19 00:00:00,2011-05-19 00:00:00
187,1,46,52,0,98,,1,0,0,2011-05-19 23:33:51,2011-05-19 23:33:51
188,1,53,82,0,180,,1,0,0,2011-05-19 23:36:13,2011-05-19 23:36:13
189,1,54,95,0,194,,1,0,0,2011-05-19 23:37:07,2011-05-19 23:37:07
190,21,1,63,0,203,,1,0,0,2011-05-20 00:00:00,2011-05-20 00:00:00
191,21,2,41,0,198,,1,0,0,2011-05-20 00:00:00,2011-05-20 00:00:00
192,21,3,42,0,192,,1,0,0,2011-05-20 00:00:00,2011-05-20 00:00:00
193,21,4,43,0,192,,1,0,0,2011-05-20 00:00:00,2011-05-20 00:00:00
194,21,5,44,0,106,,1,0,0,2011-05-20 00:00:00,2011-05-20 00:00:00
195,21,6,62,0,208,,1,0,0,2011-05-20 00:00:00,2011-05-20 00:00:00
196,21,7,52,0,202,,1,0,0,2011-05-20 00:00:00,2011-05-20 00:00:00
197,21,8,49,0,190,,1,0,0,2011-05-20 00:00:00,2011-05-20 00:00:00
198,21,9,53,0,192,,1,0,0,2011-05-20 00:00:00,2011-05-20 00:00:00
199,21,10,56,0,208,,1,0,0,2011-05-20 00:00:00,2011-05-20 00:00:00
200,21,11,63,0,191,,1,0,0,2011-05-20 00:00:00,2011-05-20 00:00:00
201,21,12,52,0,185,,1,0,0,2011-05-20 00:00:00,2011-05-20 00:00:00
202,21,13,47,0,182,,1,0,0,2011-05-20 00:00:00,2011-05-20 00:00:00
203,21,14,43,0,201,,1,0,0,2011-05-20 00:00:00,2011-05-20 00:00:00
204,21,15,60,0,103,,1,0,0,2011-05-20 00:00:00,2011-05-20 00:00:00
205,21,16,66,0,103,,1,0,0,2011-05-20 00:00:00,2011-05-20 00:00:00
206,21,17,49,0,208,,1,0,0,2011-05-20 00:00:00,2011-05-20 00:00:00
207,21,18,44,0,195,,1,0,0,2011-05-20 00:00:00,2011-05-20 00:00:00
208,21,19,44,0,187,,1,0,0,2011-05-20 00:00:00,2011-05-20 00:00:00
241,6,1,68,0,248,,1,0,0,2011-05-21 02:34:37,2011-05-20 00:00:00
242,6,2,66,0,240,,1,0,0,2011-05-21 02:34:49,2011-05-20 00:00:00
243,6,3,64,0,228,,1,0,0,2011-05-21 02:35:04,2011-05-20 00:00:00
244,6,4,53,0,208,,1,0,0,2011-05-21 02:35:15,2011-05-20 00:00:00
245,6,5,46,0,204,,1,0,0,2011-05-21 02:35:26,2011-05-20 00:00:00
246,6,6,57,0,217,,1,0,0,2011-05-21 02:35:38,2011-05-20 00:00:00
247,6,7,47,0,196,,1,0,0,2011-05-21 02:35:52,2011-05-20 00:00:00
248,6,8,52,0,212,,1,0,0,2011-05-21 02:36:06,2011-05-20 00:00:00
249,6,9,51,0,204,,1,0,0,2011-05-21 02:36:22,2011-05-20 00:00:00
250,6,10,58,0,220,,1,0,0,2011-05-21 02:36:35,2011-05-20 00:00:00
251,6,11,55,0,220,,1,0,0,2011-05-21 02:36:52,2011-05-20 00:00:00
252,6,12,61,0,216,,1,0,0,2011-05-21 02:37:03,2011-05-20 00:00:00
253,6,13,59,0,216,,1,0,0,2011-05-21 02:37:20,2011-05-20 00:00:00
254,6,14,51,0,204,,1,0,0,2011-05-21 02:38:26,2011-05-20 00:00:00
255,6,15,50,0,206,,1,0,0,2011-05-21 02:38:40,2011-05-20 00:00:00
256,6,16,67,0,185,,1,0,0,2011-05-21 02:39:02,2011-05-20 00:00:00
257,6,17,54,0,196,,1,0,0,2011-05-21 02:39:20,2011-05-20 00:00:00
258,6,18,54,0,204,,1,0,0,2011-05-21 02:39:40,2011-05-20 00:00:00
259,6,19,58,0,101,,1,0,0,2011-05-21 02:39:52,2011-05-20 00:00:00
260,6,20,66,0,202,,1,0,0,2011-05-21 02:40:13,2011-05-20 00:00:00
261,6,21,69,0,212,,1,0,0,2011-05-21 02:41:06,2011-05-20 00:00:00
262,6,22,53,0,198,,1,0,0,2011-05-21 02:45:54,2011-05-20 00:00:00
263,6,23,57,0,205,,1,0,0,2011-05-21 02:41:54,2011-05-20 00:00:00
264,6,24,58,0,200,,1,0,0,2011-05-21 02:42:11,2011-05-20 00:00:00
265,6,25,75,0,200,,1,0,0,2011-05-21 02:44:40,2011-05-20 00:00:00
266,6,26,85,0,189,,1,0,0,2011-05-21 02:42:42,2011-05-20 00:00:00
267,6,27,88,0,199,,1,0,0,2011-05-21 02:42:55,2011-05-20 00:00:00
268,6,28,62,0,221,,1,0,0,2011-05-21 02:43:20,2011-05-20 00:00:00
269,6,29,89,0,204,,1,0,0,2011-05-21 02:43:38,2011-05-20 00:00:00
270,6,30,48,0,212,,1,0,0,2011-05-21 02:46:32,2011-05-20 00:00:00
271,6,31,116,0,215,,1,0,0,2011-05-21 02:44:01,2011-05-20 00:00:00
272,6,32,110,0,219,,1,0,0,2011-05-21 02:44:17,2011-05-20 00:00:00
273,22,1,59,0,235,,1,0,0,2011-05-20 00:00:00,2011-05-20 00:00:00
274,22,2,38,0,227,,1,0,0,2011-05-20 00:00:00,2011-05-20 00:00:00
275,22,3,43,0,224,,1,0,0,2011-05-20 00:00:00,2011-05-20 00:00:00
276,22,4,45,0,212,,1,0,0,2011-05-20 00:00:00,2011-05-20 00:00:00
277,22,5,47,0,230,,1,0,0,2011-05-20 00:00:00,2011-05-20 00:00:00
278,22,6,50,0,230,,1,0,0,2011-05-20 00:00:00,2011-05-20 00:00:00
279,22,7,49,0,217,,1,0,0,2011-05-20 00:00:00,2011-05-20 00:00:00
280,22,8,47,0,216,,1,0,0,2011-05-20 00:00:00,2011-05-20 00:00:00
281,22,9,50,0,232,,1,0,0,2011-05-20 00:00:00,2011-05-20 00:00:00
282,22,10,48,0,224,,1,0,0,2011-05-20 00:00:00,2011-05-20 00:00:00
283,22,11,43,0,246,,1,0,0,2011-05-20 00:00:00,2011-05-20 00:00:00
284,22,12,35,0,249,,1,0,0,2011-05-20 00:00:00,2011-05-20 00:00:00
285,22,13,47,0,275,,1,0,0,2011-05-20 00:00:00,2011-05-20 00:00:00
286,23,1,386,0,235,,1,0,0,2011-05-21 00:00:00,2011-05-21 00:00:00
287,23,2,385,0,227,,1,0,0,2011-05-21 00:00:00,2011-05-21 00:00:00
288,23,3,391,0,224,,1,0,0,2011-05-21 00:00:00,2011-05-21 00:00:00
289,23,4,385,0,212,,1,0,0,2011-05-21 00:00:00,2011-05-21 00:00:00
290,23,5,385,0,230,,1,0,0,2011-05-21 00:00:00,2011-05-21 00:00:00
291,23,6,389,0,230,,1,0,0,2011-05-21 00:00:00,2011-05-21 00:00:00
292,23,7,396,0,217,,1,0,0,2011-05-21 00:00:00,2011-05-21 00:00:00
293,23,8,391,0,216,,1,0,0,2011-05-21 00:00:00,2011-05-21 00:00:00
294,23,9,394,0,232,,1,0,0,2011-05-21 00:00:00,2011-05-21 00:00:00
295,24,1,40,0,201,,1,0,0,2011-05-21 00:00:00,2011-05-21 00:00:00
296,24,2,40,0,193,,1,0,0,2011-05-21 00:00:00,2011-05-21 00:00:00
297,24,3,41,0,193,,1,0,0,2011-05-21 00:00:00,2011-05-21 00:00:00
298,24,4,41,0,201,,1,0,0,2011-05-21 00:00:00,2011-05-21 00:00:00
299,24,5,44,0,201,,1,0,0,2011-05-21 00:00:00,2011-05-21 00:00:00
300,24,6,56,0,201,,1,0,0,2011-05-21 00:00:00,2011-05-21 00:00:00
301,24,7,59,0,201,,1,0,0,2011-05-21 00:00:00,2011-05-21 00:00:00
302,24,8,58,0,201,,1,0,0,2011-05-21 00:00:00,2011-05-21 00:00:00
303,24,9,55,0,201,,1,0,0,2011-05-21 00:00:00,2011-05-21 00:00:00
304,24,10,58,0,201,,1,0,0,2011-05-21 00:00:00,2011-05-21 00:00:00
305,24,11,57,0,201,,1,0,0,2011-05-21 00:00:00,2011-05-21 00:00:00
306,24,12,57,0,201,,1,0,0,2011-05-21 00:00:00,2011-05-21 00:00:00
307,24,13,59,0,201,,1,0,0,2011-05-21 00:00:00,2011-05-21 00:00:00
308,24,14,58,0,201,,1,0,0,2011-05-21 00:00:00,2011-05-21 00:00:00
309,24,15,58,0,201,,1,0,0,2011-05-21 00:00:00,2011-05-21 00:00:00
310,24,16,56,0,193,,1,0,0,2011-05-21 00:00:00,2011-05-21 00:00:00
311,24,17,58,0,201,,1,0,0,2011-05-21 00:00:00,2011-05-21 00:00:00
312,24,18,55,0,193,,1,0,0,2011-05-21 00:00:00,2011-05-21 00:00:00
313,24,19,54,0,193,,1,0,0,2011-05-21 00:00:00,2011-05-21 00:00:00
314,24,20,54,0,193,,1,0,0,2011-05-21 00:00:00,2011-05-21 00:00:00
315,24,21,53,0,193,,1,0,0,2011-05-21 00:00:00,2011-05-21 00:00:00
316,24,22,53,0,193,,1,0,0,2011-05-21 00:00:00,2011-05-21 00:00:00
317,24,23,88,0,191,,1,0,0,2011-05-21 00:00:00,2011-05-21 00:00:00
318,24,24,84,0,192,,1,0,0,2011-05-21 00:00:00,2011-05-21 00:00:00
319,24,25,95,0,209,,1,0,0,2011-05-21 00:00:00,2011-05-21 00:00:00
320,24,26,96,0,210,,1,0,0,2011-05-21 00:00:00,2011-05-21 00:00:00
321,24,27,57,0,209,,1,0,0,2011-05-21 00:00:00,2011-05-21 00:00:00
322,25,1,43,0,201,,1,0,0,2011-05-21 00:00:00,2011-05-21 00:00:00
323,25,2,52,0,192,,1,0,0,2011-05-21 00:00:00,2011-05-21 00:00:00
324,25,3,55,0,192,,1,0,0,2011-05-21 00:00:00,2011-05-21 00:00:00
325,25,4,48,0,187,,1,0,0,2011-05-21 00:00:00,2011-05-21 00:00:00
326,25,5,46,0,184,,1,0,0,2011-05-21 00:00:00,2011-05-21 00:00:00
327,25,6,55,0,216,,1,0,0,2011-05-21 00:00:00,2011-05-21 00:00:00
328,25,7,54,0,205,,1,0,0,2011-05-21 00:00:00,2011-05-21 00:00:00
329,25,8,63,0,185,,1,0,0,2011-05-21 00:00:00,2011-05-21 00:00:00
330,25,9,49,0,185,,1,0,0,2011-05-21 00:00:00,2011-05-21 00:00:00
331,25,10,49,0,188,,1,0,0,2011-05-21 00:00:00,2011-05-21 00:00:00
332,25,11,49,0,182,,1,0,0,2011-05-21 00:00:00,2011-05-21 00:00:00
333,25,12,84,0,191,,1,0,0,2011-05-21 00:00:00,2011-05-21 00:00:00
334,25,13,36,0,91,,1,0,0,2011-05-21 00:00:00,2011-05-21 00:00:00
335,25,14,55,0,188,,1,0,0,2011-05-21 00:00:00,2011-05-21 00:00:00
336,25,15,40,0,185,,1,0,0,2011-05-21 00:00:00,2011-05-21 00:00:00
337,25,16,39,0,182,,1,0,0,2011-05-21 00:00:00,2011-05-21 00:00:00
338,25,17,58,0,200,,1,0,0,2011-05-21 00:00:00,2011-05-21 00:00:00
339,25,18,92,0,192,,1,0,0,2011-05-21 00:00:00,2011-05-21 00:00:00
340,25,19,66,0,191,,1,0,0,2011-05-21 00:00:00,2011-05-21 00:00:00
341,25,20,39,0,197,,1,0,0,2011-05-21 00:00:00,2011-05-21 00:00:00
342,25,21,81,0,188,,1,0,0,2011-05-21 00:00:00,2011-05-21 00:00:00
343,25,22,86,0,202,,1,0,0,2011-05-21 00:00:00,2011-05-21 00:00:00
344,25,23,82,0,192,,1,0,0,2011-05-21 00:00:00,2011-05-21 00:00:00
345,25,24,50,0,207,,1,0,0,2011-05-21 00:00:00,2011-05-21 00:00:00
346,25,25,48,0,190,,1,0,0,2011-05-21 00:00:00,2011-05-21 00:00:00
347,25,26,54,0,189,,1,0,0,2011-05-21 00:00:00,2011-05-21 00:00:00
348,25,27,57,0,191,,1,0,0,2011-05-21 00:00:00,2011-05-21 00:00:00
349,25,28,56,0,190,,1,0,0,2011-05-21 22:35:54,2011-05-21 00:00:00
350,25,281,14,0,52,番外編\
弥彦の逆刃刀・春に桜,1,0,0,2011-05-21 23:04:38,2011-05-21 23:04:38
351,5,1,38,0,198,,1,0,0,2011-09-17 13:07:41,2011-05-22 00:00:00
352,5,2,34,0,179,,1,0,0,2011-05-22 00:00:00,2011-05-22 00:00:00
353,5,3,33,0,183,,1,0,0,2011-05-22 00:00:00,2011-05-22 00:00:00
354,5,4,34,0,177,,1,0,0,2011-05-22 00:00:00,2011-05-22 00:00:00
355,5,5,34,0,177,,1,0,0,2011-05-22 00:00:00,2011-05-22 00:00:00
356,5,6,21,0,93,,1,0,0,2011-05-22 00:00:00,2011-05-22 00:00:00
357,5,7,34,0,175,,1,0,0,2011-05-22 00:00:00,2011-05-22 00:00:00
358,5,8,22,0,94,,1,0,0,2011-05-22 00:00:00,2011-05-22 00:00:00
359,5,9,38,0,192,,1,0,0,2011-05-22 00:00:00,2011-05-22 00:00:00
360,5,10,36,0,174,,1,0,0,2011-05-22 00:00:00,2011-05-22 00:00:00
361,5,11,35,0,171,,1,0,0,2011-05-22 00:00:00,2011-05-22 00:00:00
362,5,12,36,0,178,,1,0,0,2011-05-22 00:00:00,2011-05-22 00:00:00
363,5,13,34,0,172,,1,0,0,2011-05-22 00:00:00,2011-05-22 00:00:00
364,5,14,36,0,173,,1,0,0,2011-05-22 00:00:00,2011-05-22 00:00:00
365,5,15,38,0,196,,1,0,0,2011-05-22 00:00:00,2011-05-22 00:00:00
366,5,16,33,0,173,,1,0,0,2011-05-22 00:00:00,2011-05-22 00:00:00
367,5,17,25,0,103,,1,0,0,2011-05-22 00:00:00,2011-05-22 00:00:00
368,5,18,27,0,112,,1,0,0,2011-05-22 00:00:00,2011-05-22 00:00:00
369,5,19,26,0,104,,1,0,0,2011-05-22 00:00:00,2011-05-22 00:00:00
370,5,20,25,0,103,,1,0,0,2011-05-22 00:00:00,2011-05-22 00:00:00
371,5,21,23,0,93,,1,0,0,2011-05-22 00:00:00,2011-05-22 00:00:00
372,5,22,26,0,103,,1,0,0,2011-05-22 00:00:00,2011-05-22 00:00:00
373,5,23,29,0,114,,1,0,0,2011-05-22 00:00:00,2011-05-22 00:00:00
374,5,24,31,0,105,,1,0,0,2011-05-22 00:00:00,2011-05-22 00:00:00
375,5,25,50,0,111,,1,0,0,2011-05-22 00:00:00,2011-05-22 00:00:00
376,5,26,60,0,200,,1,0,0,2011-05-22 00:00:00,2011-05-22 00:00:00
377,5,27,48,0,194,,1,0,0,2011-05-22 00:00:00,2011-05-22 00:00:00
378,5,28,52,0,99,,1,0,0,2011-05-22 15:43:26,2011-05-22 00:00:00
379,5,29,49,0,234,,1,0,0,2011-05-22 00:00:00,2011-05-22 00:00:00
380,5,30,46,0,216,,1,0,0,2011-05-22 00:00:00,2011-05-22 00:00:00
381,5,31,47,0,219,,1,0,0,2011-05-22 00:00:00,2011-05-22 00:00:00
382,5,32,53,0,197,,1,0,0,2011-05-22 00:00:00,2011-05-22 00:00:00
383,5,33,47,0,229,,1,0,0,2011-05-22 00:00:00,2011-05-22 00:00:00
384,5,34,45,0,221,,1,0,0,2011-05-22 00:00:00,2011-05-22 00:00:00
385,5,35,53,0,186,,1,0,0,2011-05-22 00:00:00,2011-05-22 00:00:00
386,5,36,57,0,215,,1,0,0,2011-05-22 00:00:00,2011-05-22 00:00:00
387,5,37,62,0,228,,1,0,0,2011-05-22 00:00:00,2011-05-22 00:00:00
388,5,38,62,0,210,,1,0,0,2011-05-22 00:00:00,2011-05-22 00:00:00
389,5,39,70,0,206,,1,0,0,2011-05-22 00:00:00,2011-05-22 00:00:00
390,5,40,66,0,214,,1,0,0,2011-05-22 00:00:00,2011-05-22 00:00:00
391,5,41,77,0,117,,1,0,0,2011-05-22 00:00:00,2011-05-22 00:00:00
392,5,42,59,0,205,,1,0,0,2011-05-22 00:00:00,2011-05-22 00:00:00
393,5,43,63,0,212,,1,0,0,2011-05-22 00:00:00,2011-05-22 00:00:00
394,5,44,69,0,215,,1,0,0,2011-05-22 00:00:00,2011-05-22 00:00:00
395,5,45,58,0,206,,1,0,0,2011-05-22 00:00:00,2011-05-22 00:00:00
396,5,46,51,0,188,,1,0,0,2011-05-22 00:00:00,2011-05-22 00:00:00
397,5,47,69,0,226,,1,0,0,2011-05-22 00:00:00,2011-05-22 00:00:00
398,5,48,83,0,118,,1,0,0,2011-05-22 00:00:00,2011-05-22 00:00:00
399,5,49,57,0,209,,1,0,0,2011-05-22 00:00:00,2011-05-22 00:00:00
400,5,50,69,0,205,,1,0,0,2011-05-22 00:00:00,2011-05-22 00:00:00
401,5,51,71,0,225,,1,0,0,2011-05-22 00:00:00,2011-05-22 00:00:00
402,5,52,50,0,208,,1,0,0,2011-05-22 00:00:00,2011-05-22 00:00:00
403,5,53,69,0,202,,1,0,0,2011-05-22 00:00:00,2011-05-22 00:00:00
404,5,54,112,0,110,,1,0,0,2011-05-22 00:00:00,2011-05-22 00:00:00
405,5,55,40,0,201,,1,0,0,2011-05-22 00:00:00,2011-05-22 00:00:00
406,5,56,59,0,215,,1,0,0,2011-05-22 00:00:00,2011-05-22 00:00:00
407,5,57,126,0,218,,1,0,0,2011-05-22 00:00:00,2011-05-22 00:00:00
408,5,58,175,0,104,,1,0,0,2011-05-22 00:00:00,2011-05-22 00:00:00
409,5,59,43,0,217,,1,0,0,2011-05-22 00:00:00,2011-05-22 00:00:00
410,5,60,50,0,106,,1,0,0,2011-05-22 00:00:00,2011-05-22 00:00:00
411,5,61,105,0,200,,1,0,0,2011-05-22 00:00:00,2011-05-22 00:00:00
412,5,62,95,0,218,,1,0,0,2011-05-22 00:00:00,2011-05-22 00:00:00
413,26,1,39,0,136,,1,0,0,2011-05-22 00:00:00,2011-05-22 00:00:00
414,26,2,51,0,136,,1,0,0,2011-05-22 00:00:00,2011-05-22 00:00:00
415,26,3,58,0,156,,1,0,0,2011-05-22 00:00:00,2011-05-22 00:00:00
416,26,4,53,0,140,,1,0,0,2011-05-22 00:00:00,2011-05-22 00:00:00
417,26,5,60,0,159,,1,0,0,2011-05-22 00:00:00,2011-05-22 00:00:00
418,26,6,65,0,167,,1,0,0,2011-05-22 00:00:00,2011-05-22 00:00:00
419,26,7,90,0,229,,1,0,0,2011-05-22 00:00:00,2011-05-22 00:00:00
420,27,1,58,0,58,,1,0,0,2011-05-22 00:00:00,2011-05-22 00:00:00
421,27,2,50,0,50,,1,0,0,2011-05-22 00:00:00,2011-05-22 00:00:00
422,27,3,51,0,51,,1,0,0,2011-05-22 00:00:00,2011-05-22 00:00:00
423,27,4,52,0,52,,1,0,0,2011-05-22 00:00:00,2011-05-22 00:00:00
424,27,5,56,0,56,,1,0,0,2011-05-22 00:00:00,2011-05-22 00:00:00
425,27,6,52,0,52,,1,0,0,2011-05-22 00:00:00,2011-05-22 00:00:00
426,27,7,57,0,57,,1,0,0,2011-05-22 00:00:00,2011-05-22 00:00:00
427,27,8,50,0,50,,1,0,0,2011-05-22 00:00:00,2011-05-22 00:00:00
428,27,9,48,0,48,,1,0,0,2011-05-22 00:00:00,2011-05-22 00:00:00
429,27,10,53,0,53,,1,0,0,2011-05-22 00:00:00,2011-05-22 00:00:00
430,27,11,54,0,54,,1,0,0,2011-05-22 00:00:00,2011-05-22 00:00:00
431,27,12,50,0,50,,1,0,0,2011-05-22 00:00:00,2011-05-22 00:00:00
432,27,13,53,0,53,,1,0,0,2011-05-22 00:00:00,2011-05-22 00:00:00
433,27,14,54,0,54,,1,0,0,2011-05-22 00:00:00,2011-05-22 00:00:00
434,27,15,48,0,48,,1,0,0,2011-05-22 00:00:00,2011-05-22 00:00:00
435,27,16,52,0,52,,1,0,0,2011-05-22 00:00:00,2011-05-22 00:00:00
436,27,17,50,0,50,,1,0,0,2011-05-22 00:00:00,2011-05-22 00:00:00
437,27,18,47,0,47,,1,0,0,2011-05-22 00:00:00,2011-05-22 00:00:00
438,27,19,48,0,48,,1,0,0,2011-05-22 00:00:00,2011-05-22 00:00:00
439,27,20,49,0,49,,1,0,0,2011-05-22 00:00:00,2011-05-22 00:00:00
440,27,21,47,0,47,,1,0,0,2011-05-22 00:00:00,2011-05-22 00:00:00
441,27,22,47,0,47,,1,0,0,2011-05-22 00:00:00,2011-05-22 00:00:00
442,27,23,48,0,48,,1,0,0,2011-05-22 00:00:00,2011-05-22 00:00:00
443,27,24,50,0,50,,1,0,0,2011-05-22 00:00:00,2011-05-22 00:00:00
444,27,25,50,0,50,,1,0,0,2011-05-22 00:00:00,2011-05-22 00:00:00
445,27,26,52,0,52,,1,0,0,2011-05-22 00:00:00,2011-05-22 00:00:00
446,27,27,47,0,47,,1,0,0,2011-05-22 00:00:00,2011-05-22 00:00:00
447,27,28,51,0,51,,1,0,0,2011-05-22 00:00:00,2011-05-22 00:00:00
448,27,29,48,0,48,,1,0,0,2011-05-22 00:00:00,2011-05-22 00:00:00
449,27,30,48,0,48,,1,0,0,2011-05-22 00:00:00,2011-05-22 00:00:00
450,27,31,51,0,51,,1,0,0,2011-05-22 00:00:00,2011-05-22 00:00:00
451,27,32,50,0,50,,1,0,0,2011-05-22 00:00:00,2011-05-22 00:00:00
452,27,33,47,0,47,,1,0,0,2011-05-22 00:00:00,2011-05-22 00:00:00
453,27,34,47,0,47,,1,0,0,2011-05-22 00:00:00,2011-05-22 00:00:00
454,27,35,47,0,47,,1,0,0,2011-05-22 00:00:00,2011-05-22 00:00:00
455,27,36,44,0,44,,1,0,0,2011-05-22 00:00:00,2011-05-22 00:00:00
456,27,37,47,0,47,,1,0,0,2011-05-22 00:00:00,2011-05-22 00:00:00
458,1,55,92,0,206,,1,0,0,2011-09-18 00:58:23,2011-09-18 00:58:22
459,1,56,44,0,194,,1,0,0,2011-09-18 00:59:58,2011-09-18 00:59:58
460,5,63,44,0,234,,1,0,0,2011-09-18 01:23:20,2011-09-18 01:23:20
461,30,1,35,0,185,,1,0,0,2011-09-18 00:00:00,2011-09-18 00:00:00
462,30,2,33,0,186,,1,0,0,2011-09-18 00:00:00,2011-09-18 00:00:00
463,30,3,33,0,186,,1,0,0,2011-09-18 00:00:00,2011-09-18 00:00:00
464,30,4,31,0,186,,1,0,0,2011-09-18 00:00:00,2011-09-18 00:00:00
465,30,5,31,0,202,,1,0,0,2011-09-18 00:00:00,2011-09-18 00:00:00
466,30,6,33,0,185,,1,0,0,2011-09-18 00:00:00,2011-09-18 00:00:00
467,30,7,33,0,188,,1,0,0,2011-09-18 00:00:00,2011-09-18 00:00:00
468,30,8,33,0,196,,1,0,0,2011-09-18 00:00:00,2011-09-18 00:00:00
469,30,9,36,0,192,,1,0,0,2011-09-18 00:00:00,2011-09-18 00:00:00
470,30,10,35,0,200,,1,0,0,2011-09-18 00:00:00,2011-09-18 00:00:00
471,30,11,35,0,196,,1,0,0,2011-09-18 00:00:00,2011-09-18 00:00:00
472,30,12,31,0,186,,1,0,0,2011-09-18 00:00:00,2011-09-18 00:00:00
473,30,13,17,0,106,,1,0,0,2011-09-18 00:00:00,2011-09-18 00:00:00
474,30,14,35,0,211,,1,0,0,2011-09-18 00:00:00,2011-09-18 00:00:00
475,30,15,46,0,198,,1,0,0,2011-09-18 00:00:00,2011-09-18 00:00:00
476,30,16,37,0,190,,1,0,0,2011-09-18 00:00:00,2011-09-18 00:00:00
477,30,17,63,0,200,,1,0,0,2011-09-18 00:00:00,2011-09-18 00:00:00
478,30,18,27,0,177,,1,0,0,2011-09-18 00:00:00,2011-09-18 00:00:00
479,30,19,38,0,166,,1,0,0,2011-09-18 00:00:00,2011-09-18 00:00:00
480,30,20,60,0,201,,1,0,0,2011-09-18 00:00:00,2011-09-18 00:00:00
481,30,21,57,0,200,,1,0,0,2011-09-18 00:00:00,2011-09-18 00:00:00
482,30,22,55,0,199,,1,0,0,2011-09-18 00:00:00,2011-09-18 00:00:00
483,30,23,63,0,200,,1,0,0,2011-09-18 00:00:00,2011-09-18 00:00:00
484,30,24,61,0,221,,1,0,0,2011-09-18 00:00:00,2011-09-18 00:00:00
485,30,25,53,0,210,,1,0,0,2011-09-18 00:00:00,2011-09-18 00:00:00
486,30,26,92,0,192,,1,0,0,2011-09-18 00:00:00,2011-09-18 00:00:00
487,30,27,107,0,211,,1,0,0,2011-09-18 00:00:00,2011-09-18 00:00:00
488,31,1,101,0,399,,1,0,0,2011-09-18 16:33:54,2011-09-18 16:30:26
489,33,1,94,0,326,,1,0,0,2011-09-18 16:51:37,2011-09-18 16:51:37
490,34,1,88,0,332,,1,0,0,2011-09-18 16:58:07,2011-09-18 16:58:07
492,37,1,59,0,252,,1,0,0,2011-09-18 17:29:22,2011-09-18 17:29:22
493,38,1,71,0,251,,1,0,0,2011-09-18 18:08:53,2011-09-18 18:08:53
494,39,1,58,0,308,,1,0,0,2011-09-18 18:15:04,2011-09-18 18:15:04
497,42,1,102,0,1,,1,0,0,2011-09-18 23:28:01,2011-09-18 23:28:01
498,43,1,87,0,334,,1,0,0,2011-09-19 00:04:13,2011-09-19 00:04:13
499,44,1,142,0,691,,1,0,0,2011-09-19 00:11:30,2011-09-19 00:11:30
500,45,1,124,0,607,,1,0,0,2011-09-19 00:18:51,2011-09-19 00:18:51
501,46,1,70,0,302,,1,0,0,2011-09-19 00:28:02,2011-09-19 00:28:02
502,47,1,111,0,349,,1,0,0,2011-09-19 00:37:05,2011-09-19 00:37:05
503,48,1,130,0,439,,1,0,0,2011-09-19 00:38:53,2011-09-19 00:38:53
504,49,1,129,0,518,,1,0,0,2011-09-19 00:53:23,2011-09-19 00:53:23
505,50,1,79,0,272,,1,0,0,2011-09-19 23:56:36,2011-09-19 23:56:36
506,51,1,138,0,510,,1,0,0,2011-09-20 00:02:16,2011-09-20 00:02:16
507,52,1,99,0,332,,1,0,0,2011-09-20 00:08:35,2011-09-20 00:08:35
509,54,1,50,0,114,,1,0,0,2011-09-20 00:00:00,2011-09-20 00:00:00
510,54,2,55,0,112,,1,0,0,2011-09-20 00:00:00,2011-09-20 00:00:00
511,54,3,58,0,106,,1,0,0,2011-09-20 00:00:00,2011-09-20 00:00:00
512,54,4,48,0,100,,1,0,0,2011-09-20 00:00:00,2011-09-20 00:00:00
513,54,5,40,0,204,,1,0,0,2011-09-20 00:00:00,2011-09-20 00:00:00
514,54,6,39,0,204,,1,0,0,2011-09-20 00:00:00,2011-09-20 00:00:00
515,54,7,44,0,210,,1,0,0,2011-09-20 00:00:00,2011-09-20 00:00:00
516,54,8,40,0,210,,1,0,0,2011-09-20 00:00:00,2011-09-20 00:00:00
517,54,9,46,0,211,,1,0,0,2011-09-20 00:00:00,2011-09-20 00:00:00
518,54,10,90,0,205,,1,0,0,2011-09-20 00:00:00,2011-09-20 00:00:00
519,54,11,115,0,205,,1,0,0,2011-09-20 00:00:00,2011-09-20 00:00:00
520,54,12,55,0,214,,1,0,0,2011-09-20 00:00:00,2011-09-20 00:00:00
521,54,13,67,0,208,,1,0,0,2011-09-20 00:00:00,2011-09-20 00:00:00
522,54,14,77,0,205,,1,0,0,2011-09-20 00:00:00,2011-09-20 00:00:00
523,54,15,74,0,207,,1,0,0,2011-09-20 00:00:00,2011-09-20 00:00:00
524,54,16,88,0,107,,1,0,0,2011-09-20 00:00:00,2011-09-20 00:00:00
525,54,17,47,0,103,,1,0,0,2011-09-20 00:00:00,2011-09-20 00:00:00
526,54,18,39,0,205,,1,0,0,2011-09-20 00:00:00,2011-09-20 00:00:00
527,54,19,67,0,215,,1,0,0,2011-09-20 00:00:00,2011-09-20 00:00:00
528,54,20,80,0,205,,1,0,0,2011-09-20 00:00:00,2011-09-20 00:00:00
529,54,21,64,0,207,,1,0,0,2011-09-20 00:00:00,2011-09-20 00:00:00
530,54,22,73,0,215,,1,0,0,2011-09-20 00:00:00,2011-09-20 00:00:00
531,54,23,61,0,207,,1,0,0,2011-09-20 00:00:00,2011-09-20 00:00:00
532,54,24,87,0,204,,1,0,0,2011-09-20 00:00:00,2011-09-20 00:00:00
533,54,25,99,0,204,,1,0,0,2011-09-20 00:00:00,2011-09-20 00:00:00
534,54,26,96,0,210,,1,0,0,2011-09-20 00:00:00,2011-09-20 00:00:00
535,54,27,109,0,210,,1,0,0,2011-09-20 00:00:00,2011-09-20 00:00:00
536,54,28,65,0,205,,1,0,0,2011-09-20 00:00:00,2011-09-20 00:00:00
537,54,29,95,0,204,,1,0,0,2011-09-20 00:00:00,2011-09-20 00:00:00
538,54,30,99,0,204,,1,0,0,2011-09-20 00:00:00,2011-09-20 00:00:00
539,54,31,43,0,104,,1,0,0,2011-09-20 00:00:00,2011-09-20 00:00:00
540,54,32,41,0,102,,1,0,0,2011-09-20 00:00:00,2011-09-20 00:00:00
541,82,1,74,0,346,,1,0,0,2013-06-08 00:00:00,2013-06-08 00:00:00
542,83,1,112,0,334,,1,0,0,2013-06-08 00:00:00,2013-06-08 00:00:00
543,84,1,68,0,297,,1,0,0,2013-06-08 00:00:00,2013-06-08 00:00:00
544,85,1,96,0,186,,1,0,0,2013-06-08 00:00:00,2013-06-08 00:00:00
545,86,1,93,0,270,,1,0,0,2013-06-08 00:00:00,2013-06-08 00:00:00
546,87,1,115,0,479,,1,0,0,2013-06-08 00:00:00,2013-06-08 00:00:00
547,88,1,77,0,405,,1,0,0,2013-06-08 00:00:00,2013-06-08 00:00:00
548,89,1,54,0,206,,1,0,0,2013-06-08 00:00:00,2013-06-08 00:00:00
549,90,1,115,0,246,,1,0,0,2013-06-08 00:00:00,2013-06-08 00:00:00
550,91,1,83,0,377,,1,0,0,2013-06-08 00:00:00,2013-06-08 00:00:00
551,92,1,142,0,772,,1,0,0,2013-06-08 00:00:00,2013-06-08 00:00:00
552,93,1,161,0,566,,1,0,0,2013-06-08 00:00:00,2013-06-08 00:00:00
553,94,1,114,0,470,,1,0,0,2013-06-08 00:00:00,2013-06-08 00:00:00
554,95,1,100,0,326,,1,0,0,2013-06-08 00:00:00,2013-06-08 00:00:00
555,96,1,132,0,581,,1,0,0,2013-06-08 00:00:00,2013-06-08 00:00:00
556,102,1,79,0,230,,1,0,0,2013-06-08 00:00:00,2013-06-08 00:00:00
557,103,1,69,0,215,,1,0,0,2013-06-08 00:00:00,2013-06-08 00:00:00
558,104,1,107,0,454,,1,0,0,2013-06-08 00:00:00,2013-06-08 00:00:00
559,105,1,84,0,342,,1,0,0,2013-06-08 00:00:00,2013-06-08 00:00:00
560,106,1,57,0,277,,1,0,0,2013-06-08 00:00:00,2013-06-08 00:00:00
561,107,1,130,0,452,,1,0,0,2013-06-08 00:00:00,2013-06-08 00:00:00
562,108,1,141,0,388,,1,0,0,2013-06-08 00:00:00,2013-06-08 00:00:00
563,109,1,157,0,512,,1,0,0,2013-06-08 00:00:00,2013-06-08 00:00:00
564,110,1,70,0,287,,1,0,0,2013-06-08 00:00:00,2013-06-08 00:00:00
565,111,1,98,0,388,,1,0,0,2013-06-08 00:00:00,2013-06-08 00:00:00
566,112,1,109,0,510,,1,0,0,2013-06-08 00:00:00,2013-06-08 00:00:00
567,113,1,122,0,438,,1,0,0,2013-06-08 00:00:00,2013-06-08 00:00:00
568,114,1,216,0,520,,1,0,0,2013-06-08 00:00:00,2013-06-08 00:00:00
569,116,1,107,0,449,,1,0,0,2013-06-08 00:00:00,2013-06-08 00:00:00
570,117,1,113,0,113,,1,0,0,2013-06-08 00:00:00,2013-06-08 00:00:00
571,118,1,102,0,410,,1,0,0,2013-06-08 00:00:00,2013-06-08 00:00:00
572,119,1,196,0,789,,1,0,0,2013-06-08 00:00:00,2013-06-08 00:00:00
573,120,1,150,0,646,,1,0,0,2013-06-08 00:00:00,2013-06-08 00:00:00
574,121,1,120,0,466,,1,0,0,2013-06-08 00:00:00,2013-06-08 00:00:00
575,122,1,120,0,0,,1,0,0,2013-06-08 00:00:00,2013-06-08 00:00:00
576,123,1,67,0,308,,1,0,0,2013-06-08 00:00:00,2013-06-08 00:00:00
577,124,1,48,0,245,,1,0,0,2013-06-08 00:00:00,2013-06-08 00:00:00
578,125,1,96,0,351,,1,0,0,2013-06-08 00:00:00,2013-06-08 00:00:00
579,126,1,160,0,385,,1,0,0,2013-06-08 00:00:00,2013-06-08 00:00:00
580,127,1,90,0,347,,1,0,0,2013-06-08 00:00:00,2013-06-08 00:00:00
581,128,1,171,0,228,,1,0,0,2013-06-08 00:00:00,2013-06-08 00:00:00
582,129,1,162,0,212,,1,0,0,2013-06-08 00:00:00,2013-06-08 00:00:00
583,130,1,45,0,214,,1,0,0,2013-06-08 00:00:00,2013-06-08 00:00:00
584,131,1,42,0,242,,1,0,0,2013-06-08 00:00:00,2013-06-08 00:00:00
585,132,1,63,0,361,,1,0,0,2013-06-08 00:00:00,2013-06-08 00:00:00
586,133,1,76,0,346,,1,0,0,2013-06-08 00:00:00,2013-06-08 00:00:00
587,134,1,95,0,318,,1,0,0,2013-06-08 00:00:00,2013-06-08 00:00:00
588,135,1,38,0,197,,1,0,0,2013-06-08 00:00:00,2013-06-08 00:00:00
589,136,1,37,0,208,,1,0,0,2013-06-08 00:00:00,2013-06-08 00:00:00
590,137,1,75,0,322,,1,0,0,2013-06-08 00:00:00,2013-06-08 00:00:00
591,138,1,67,0,325,,1,0,0,2013-06-08 00:00:00,2013-06-08 00:00:00
592,139,1,107,0,349,,1,0,0,2013-06-08 00:00:00,2013-06-08 00:00:00
593,140,1,109,0,349,,1,0,0,2013-06-08 00:00:00,2013-06-08 00:00:00
594,55,1,43,0,0,,1,0,0,2013-06-08 00:00:00,2013-06-08 00:00:00
595,55,2,61,0,0,,1,0,0,2013-06-08 00:00:00,2013-06-08 00:00:00
596,55,3,66,0,0,,1,0,0,2013-06-08 00:00:00,2013-06-08 00:00:00
597,55,4,41,0,0,,1,0,0,2013-06-08 00:00:00,2013-06-08 00:00:00
598,55,5,39,0,0,,1,0,0,2013-06-08 00:00:00,2013-06-08 00:00:00
599,55,6,37,0,0,,1,0,0,2013-06-08 00:00:00,2013-06-08 00:00:00
600,55,7,40,0,0,,1,0,0,2013-06-08 00:00:00,2013-06-08 00:00:00
601,55,8,44,0,0,,1,0,0,2013-06-08 00:00:00,2013-06-08 00:00:00
602,55,9,44,0,0,,1,0,0,2013-06-08 00:00:00,2013-06-08 00:00:00
603,55,10,47,0,0,,1,0,0,2013-06-08 00:00:00,2013-06-08 00:00:00
604,55,11,51,0,0,,1,0,0,2013-06-08 00:00:00,2013-06-08 00:00:00
605,55,12,51,0,0,,1,0,0,2013-06-08 00:00:00,2013-06-08 00:00:00
606,55,13,46,0,0,,1,0,0,2013-06-08 00:00:00,2013-06-08 00:00:00
607,55,14,39,0,0,,1,0,0,2013-06-08 00:00:00,2013-06-08 00:00:00
608,55,15,62,0,0,,1,0,0,2013-06-08 00:00:00,2013-06-08 00:00:00
609,55,16,77,0,0,,1,0,0,2013-06-08 00:00:00,2013-06-08 00:00:00
610,55,17,69,0,0,,1,0,0,2013-06-08 00:00:00,2013-06-08 00:00:00
611,55,18,63,0,0,,1,0,0,2013-06-08 00:00:00,2013-06-08 00:00:00
612,55,19,77,0,0,,1,0,0,2013-06-08 00:00:00,2013-06-08 00:00:00
613,55,20,71,0,0,,1,0,0,2013-06-08 00:00:00,2013-06-08 00:00:00
614,55,21,73,0,0,,1,0,0,2013-06-08 00:00:00,2013-06-08 00:00:00
615,55,22,106,0,0,,1,0,0,2013-06-08 00:00:00,2013-06-08 00:00:00
616,55,23,72,0,0,,1,0,0,2013-06-08 00:00:00,2013-06-08 00:00:00
617,55,24,60,0,0,,1,0,0,2013-06-08 00:00:00,2013-06-08 00:00:00
618,67,1,49,0,0,,1,0,0,2013-06-08 00:00:00,2013-06-08 00:00:00
619,67,2,46,0,0,,1,0,0,2013-06-08 00:00:00,2013-06-08 00:00:00
620,67,3,47,0,0,,1,0,0,2013-06-08 00:00:00,2013-06-08 00:00:00
621,67,4,48,0,0,,1,0,0,2013-06-08 00:00:00,2013-06-08 00:00:00
622,67,5,47,0,0,,1,0,0,2013-06-08 00:00:00,2013-06-08 00:00:00
623,67,6,44,0,0,,1,0,0,2013-06-08 00:00:00,2013-06-08 00:00:00
624,67,7,43,0,0,,1,0,0,2013-06-08 00:00:00,2013-06-08 00:00:00
625,67,8,44,0,0,,1,0,0,2013-06-08 00:00:00,2013-06-08 00:00:00
626,67,9,44,0,0,,1,0,0,2013-06-08 00:00:00,2013-06-08 00:00:00
627,67,10,47,0,0,,1,0,0,2013-06-08 00:00:00,2013-06-08 00:00:00
628,67,11,34,0,0,,1,0,0,2013-06-08 00:00:00,2013-06-08 00:00:00
629,67,12,36,0,0,,1,0,0,2013-06-08 00:00:00,2013-06-08 00:00:00
630,67,13,35,0,0,,1,0,0,2013-06-08 00:00:00,2013-06-08 00:00:00
631,67,14,37,0,0,,1,0,0,2013-06-08 00:00:00,2013-06-08 00:00:00
632,67,15,37,0,0,,1,0,0,2013-06-08 00:00:00,2013-06-08 00:00:00
633,67,16,36,0,0,,1,0,0,2013-06-08 00:00:00,2013-06-08 00:00:00
634,67,17,39,0,0,,1,0,0,2013-06-08 00:00:00,2013-06-08 00:00:00
635,67,18,36,0,0,,1,0,0,2013-06-08 00:00:00,2013-06-08 00:00:00
636,67,19,44,0,0,,1,0,0,2013-06-08 00:00:00,2013-06-08 00:00:00
637,67,20,36,0,0,,1,0,0,2013-06-08 00:00:00,2013-06-08 00:00:00
638,67,21,37,0,0,,1,0,0,2013-06-08 00:00:00,2013-06-08 00:00:00
639,67,22,38,0,0,,1,0,0,2013-06-08 00:00:00,2013-06-08 00:00:00
640,67,23,37,0,0,,1,0,0,2013-06-08 00:00:00,2013-06-08 00:00:00
641,67,24,37,0,0,,1,0,0,2013-06-08 00:00:00,2013-06-08 00:00:00
642,67,25,36,0,0,,1,0,0,2013-06-08 00:00:00,2013-06-08 00:00:00
643,67,26,36,0,0,,1,0,0,2013-06-08 00:00:00,2013-06-08 00:00:00
644,67,27,36,0,0,,1,0,0,2013-06-08 00:00:00,2013-06-08 00:00:00
645,67,28,36,0,0,,1,0,0,2013-06-08 00:00:00,2013-06-08 00:00:00
646,67,29,38,0,0,,1,0,0,2013-06-08 00:00:00,2013-06-08 00:00:00
647,67,30,37,0,0,,1,0,0,2013-06-08 00:00:00,2013-06-08 00:00:00
648,67,31,33,0,0,,1,0,0,2013-06-08 00:00:00,2013-06-08 00:00:00
649,67,32,39,0,0,,1,0,0,2013-06-08 00:00:00,2013-06-08 00:00:00
650,67,33,35,0,0,,1,0,0,2013-06-08 00:00:00,2013-06-08 00:00:00
651,67,34,40,0,0,,1,0,0,2013-06-08 00:00:00,2013-06-08 00:00:00
652,67,35,39,0,0,,1,0,0,2013-06-08 00:00:00,2013-06-08 00:00:00
653,67,36,38,0,0,,1,0,0,2013-06-08 00:00:00,2013-06-08 00:00:00
654,67,37,37,0,0,,1,0,0,2013-06-08 00:00:00,2013-06-08 00:00:00
655,67,38,37,0,0,,1,0,0,2013-06-08 00:00:00,2013-06-08 00:00:00
656,67,39,38,0,0,,1,0,0,2013-06-08 00:00:00,2013-06-08 00:00:00
657,67,40,33,0,0,,1,0,0,2013-06-08 00:00:00,2013-06-08 00:00:00
658,67,41,34,0,0,,1,0,0,2013-06-08 00:00:00,2013-06-08 00:00:00
659,67,42,33,0,0,,1,0,0,2013-06-08 00:00:00,2013-06-08 00:00:00
660,67,43,39,0,0,,1,0,0,2013-06-08 00:00:00,2013-06-08 00:00:00
661,67,44,37,0,0,,1,0,0,2013-06-08 00:00:00,2013-06-08 00:00:00
662,67,45,31,0,0,,1,0,0,2013-06-08 00:00:00,2013-06-08 00:00:00
663,67,46,33,0,0,,1,0,0,2013-06-08 00:00:00,2013-06-08 00:00:00
664,67,47,33,0,0,,1,0,0,2013-06-08 00:00:00,2013-06-08 00:00:00
665,67,48,34,0,0,,1,0,0,2013-06-08 00:00:00,2013-06-08 00:00:00
666,67,49,34,0,0,,1,0,0,2013-06-08 00:00:00,2013-06-08 00:00:00
667,67,50,35,0,0,,1,0,0,2013-06-08 00:00:00,2013-06-08 00:00:00
668,67,51,40,0,0,,1,0,0,2013-06-08 00:00:00,2013-06-08 00:00:00
669,67,52,38,0,0,,1,0,0,2013-06-08 00:00:00,2013-06-08 00:00:00
670,67,53,36,0,0,,1,0,0,2013-06-08 00:00:00,2013-06-08 00:00:00
671,67,54,36,0,0,,1,0,0,2013-06-08 00:00:00,2013-06-08 00:00:00
672,67,55,35,0,0,,1,0,0,2013-06-08 00:00:00,2013-06-08 00:00:00
673,67,56,34,0,0,,1,0,0,2013-06-08 00:00:00,2013-06-08 00:00:00
674,67,57,36,0,0,,1,0,0,2013-06-08 00:00:00,2013-06-08 00:00:00
675,67,58,39,0,0,,1,0,0,2013-06-08 00:00:00,2013-06-08 00:00:00
676,67,59,38,0,0,,1,0,0,2013-06-08 00:00:00,2013-06-08 00:00:00
677,67,60,37,0,0,,1,0,0,2013-06-08 00:00:00,2013-06-08 00:00:00
678,67,61,35,0,0,,1,0,0,2013-06-08 00:00:00,2013-06-08 00:00:00
679,67,62,38,0,0,,1,0,0,2013-06-08 00:00:00,2013-06-08 00:00:00
680,67,63,37,0,0,,1,0,0,2013-06-08 00:00:00,2013-06-08 00:00:00
681,67,64,39,0,0,,1,0,0,2013-06-08 00:00:00,2013-06-08 00:00:00
682,67,65,27,0,0,,1,0,0,2013-06-08 00:00:00,2013-06-08 00:00:00
683,67,66,44,0,0,,1,0,0,2013-06-08 00:00:00,2013-06-08 00:00:00
684,67,67,42,0,0,,1,0,0,2013-06-08 00:00:00,2013-06-08 00:00:00
685,67,68,45,0,0,,1,0,0,2013-06-08 00:00:00,2013-06-08 00:00:00
686,67,69,49,0,0,,1,0,0,2013-06-08 00:00:00,2013-06-08 00:00:00
687,67,70,38,0,0,,1,0,0,2013-06-08 00:00:00,2013-06-08 00:00:00
688,67,71,48,0,0,,1,0,0,2013-06-08 00:00:00,2013-06-08 00:00:00
689,67,72,49,0,0,,1,0,0,2013-06-08 00:00:00,2013-06-08 00:00:00
690,67,73,55,0,0,,1,0,0,2013-06-08 00:00:00,2013-06-08 00:00:00
691,67,74,54,0,0,,1,0,0,2013-06-08 00:00:00,2013-06-08 00:00:00
692,67,75,51,0,0,,1,0,0,2013-06-08 00:00:00,2013-06-08 00:00:00
693,67,76,52,0,0,,1,0,0,2013-06-08 00:00:00,2013-06-08 00:00:00
694,67,77,52,0,0,,1,0,0,2013-06-08 00:00:00,2013-06-08 00:00:00
695,67,78,74,0,0,,1,0,0,2013-06-08 00:00:00,2013-06-08 00:00:00
696,67,79,79,0,0,,1,0,0,2013-06-08 00:00:00,2013-06-08 00:00:00
697,67,80,71,0,0,,1,0,0,2013-06-08 00:00:00,2013-06-08 00:00:00
698,67,81,59,0,0,,1,0,0,2013-06-08 00:00:00,2013-06-08 00:00:00
699,67,82,65,0,0,,1,0,0,2013-06-08 00:00:00,2013-06-08 00:00:00
700,67,83,134,0,0,,1,0,0,2013-06-08 00:00:00,2013-06-08 00:00:00
701,67,84,44,0,0,,1,0,0,2013-06-08 00:00:00,2013-06-08 00:00:00
702,67,85,47,0,0,,1,0,0,2013-06-08 00:00:00,2013-06-08 00:00:00
703,67,86,77,0,0,,1,0,0,2013-06-08 00:00:00,2013-06-08 00:00:00
704,67,87,80,0,0,,1,0,0,2013-06-08 00:00:00,2013-06-08 00:00:00
705,67,88,76,0,0,,1,0,0,2013-06-08 00:00:00,2013-06-08 00:00:00
706,67,89,0,0,0,,1,0,0,2013-06-08 00:00:00,2013-06-08 00:00:00
707,67,90,70,0,0,,1,0,0,2013-06-08 00:00:00,2013-06-08 00:00:00
708,67,91,81,0,0,,1,0,0,2013-06-08 00:00:00,2013-06-08 00:00:00
709,67,92,79,0,0,,1,0,0,2013-06-08 00:00:00,2013-06-08 00:00:00
710,67,93,0,0,0,,1,0,0,2013-06-08 00:00:00,2013-06-08 00:00:00
711,67,94,88,0,0,,1,0,0,2013-06-08 00:00:00,2013-06-08 00:00:00
712,67,95,102,0,0,,1,0,0,2013-06-08 00:00:00,2013-06-08 00:00:00
713,67,96,88,0,0,,1,0,0,2013-06-08 00:00:00,2013-06-08 00:00:00
714,77,1,38,0,0,,1,0,0,2013-06-08 00:00:00,2013-06-08 00:00:00
715,77,2,40,0,0,,1,0,0,2013-06-08 00:00:00,2013-06-08 00:00:00
716,77,3,43,0,0,,1,0,0,2013-06-08 00:00:00,2013-06-08 00:00:00
717,77,4,46,0,0,,1,0,0,2013-06-08 00:00:00,2013-06-08 00:00:00
718,77,5,45,0,0,,1,0,0,2013-06-08 00:00:00,2013-06-08 00:00:00
719,77,6,44,0,0,,1,0,0,2013-06-08 00:00:00,2013-06-08 00:00:00
720,77,7,42,0,0,,1,0,0,2013-06-08 00:00:00,2013-06-08 00:00:00
721,77,8,42,0,0,,1,0,0,2013-06-08 00:00:00,2013-06-08 00:00:00
722,77,9,41,0,0,,1,0,0,2013-06-08 00:00:00,2013-06-08 00:00:00
723,77,10,40,0,0,,1,0,0,2013-06-08 00:00:00,2013-06-08 00:00:00
724,77,11,38,0,0,,1,0,0,2013-06-08 00:00:00,2013-06-08 00:00:00
725,77,12,42,0,0,,1,0,0,2013-06-08 00:00:00,2013-06-08 00:00:00
726,77,13,39,0,0,,1,0,0,2013-06-08 00:00:00,2013-06-08 00:00:00
727,77,14,39,0,0,,1,0,0,2013-06-08 00:00:00,2013-06-08 00:00:00
728,77,15,41,0,0,,1,0,0,2013-06-08 00:00:00,2013-06-08 00:00:00
729,77,16,42,0,0,,1,0,0,2013-06-08 00:00:00,2013-06-08 00:00:00
730,77,17,42,0,0,,1,0,0,2013-06-08 00:00:00,2013-06-08 00:00:00
731,77,18,42,0,0,,1,0,0,2013-06-08 00:00:00,2013-06-08 00:00:00
732,77,19,47,0,0,,1,0,0,2013-06-08 00:00:00,2013-06-08 00:00:00
733,77,20,49,0,0,,1,0,0,2013-06-08 00:00:00,2013-06-08 00:00:00
734,77,21,51,0,0,,1,0,0,2013-06-08 00:00:00,2013-06-08 00:00:00
735,77,22,36,0,0,,1,0,0,2013-06-08 00:00:00,2013-06-08 00:00:00
736,77,23,38,0,0,,1,0,0,2013-06-08 00:00:00,2013-06-08 00:00:00
737,77,24,36,0,0,,1,0,0,2013-06-08 00:00:00,2013-06-08 00:00:00
738,77,25,37,0,0,,1,0,0,2013-06-08 00:00:00,2013-06-08 00:00:00
739,77,26,38,0,0,,1,0,0,2013-06-08 00:00:00,2013-06-08 00:00:00
740,77,27,37,0,0,,1,0,0,2013-06-08 00:00:00,2013-06-08 00:00:00
741,77,28,28,0,0,,1,0,0,2013-06-08 00:00:00,2013-06-08 00:00:00
742,77,29,41,0,0,,1,0,0,2013-06-08 00:00:00,2013-06-08 00:00:00
743,77,30,40,0,0,,1,0,0,2013-06-08 00:00:00,2013-06-08 00:00:00
744,77,31,43,0,0,,1,0,0,2013-06-08 00:00:00,2013-06-08 00:00:00
745,77,32,29,0,0,,1,0,0,2013-06-08 00:00:00,2013-06-08 00:00:00
746,77,33,50,0,0,,1,0,0,2013-06-08 00:00:00,2013-06-08 00:00:00
747,77,34,35,0,0,,1,0,0,2013-06-08 00:00:00,2013-06-08 00:00:00
748,77,35,39,0,0,,1,0,0,2013-06-08 00:00:00,2013-06-08 00:00:00
749,77,36,50,0,0,,1,0,0,2013-06-08 00:00:00,2013-06-08 00:00:00
750,77,37,47,0,0,,1,0,0,2013-06-08 00:00:00,2013-06-08 00:00:00
751,77,38,37,0,0,,1,0,0,2013-06-08 00:00:00,2013-06-08 00:00:00
752,77,39,39,0,0,,1,0,0,2013-06-08 00:00:00,2013-06-08 00:00:00
753,77,40,37,0,0,,1,0,0,2013-06-08 00:00:00,2013-06-08 00:00:00
754,77,41,47,0,0,,1,0,0,2013-06-08 00:00:00,2013-06-08 00:00:00
755,77,42,43,0,0,,1,0,0,2013-06-08 00:00:00,2013-06-08 00:00:00
756,77,43,41,0,0,,1,0,0,2013-06-08 00:00:00,2013-06-08 00:00:00
757,77,44,47,0,0,,1,0,0,2013-06-08 00:00:00,2013-06-08 00:00:00
758,77,45,47,0,0,,1,0,0,2013-06-08 00:00:00,2013-06-08 00:00:00
759,77,46,29,0,0,,1,0,0,2013-06-08 00:00:00,2013-06-08 00:00:00
760,77,47,28,0,0,,1,0,0,2013-06-08 00:00:00,2013-06-08 00:00:00
761,77,48,35,0,0,,1,0,0,2013-06-08 00:00:00,2013-06-08 00:00:00
762,77,49,37,0,0,,1,0,0,2013-06-08 00:00:00,2013-06-08 00:00:00
763,77,50,38,0,0,,1,0,0,2013-06-08 00:00:00,2013-06-08 00:00:00
764,77,51,36,0,0,,1,0,0,2013-06-08 00:00:00,2013-06-08 00:00:00
765,77,52,36,0,0,,1,0,0,2013-06-08 00:00:00,2013-06-08 00:00:00
766,77,53,36,0,0,,1,0,0,2013-06-08 00:00:00,2013-06-08 00:00:00
767,77,54,36,0,0,,1,0,0,2013-06-08 00:00:00,2013-06-08 00:00:00
768,77,55,38,0,0,,1,0,0,2013-06-08 00:00:00,2013-06-08 00:00:00
769,77,56,45,0,0,,1,0,0,2013-06-08 00:00:00,2013-06-08 00:00:00
770,77,57,36,0,0,,1,0,0,2013-06-08 00:00:00,2013-06-08 00:00:00
771,77,58,37,0,0,,1,0,0,2013-06-08 00:00:00,2013-06-08 00:00:00
772,77,59,38,0,0,,1,0,0,2013-06-08 00:00:00,2013-06-08 00:00:00
773,77,60,40,0,0,,1,0,0,2013-06-08 00:00:00,2013-06-08 00:00:00
774,77,61,46,0,0,,1,0,0,2013-06-08 00:00:00,2013-06-08 00:00:00
775,77,62,47,0,0,,1,0,0,2013-06-08 00:00:00,2013-06-08 00:00:00
776,77,63,46,0,0,,1,0,0,2013-06-08 00:00:00,2013-06-08 00:00:00
777,80,1,44,0,0,,1,0,0,2013-06-08 00:00:00,2013-06-08 00:00:00
778,80,2,37,0,0,,1,0,0,2013-06-08 00:00:00,2013-06-08 00:00:00
779,80,3,38,0,0,,1,0,0,2013-06-08 00:00:00,2013-06-08 00:00:00
780,80,4,40,0,0,,1,0,0,2013-06-08 00:00:00,2013-06-08 00:00:00
781,80,5,38,0,0,,1,0,0,2013-06-08 00:00:00,2013-06-08 00:00:00
782,80,6,31,0,0,,1,0,0,2013-06-08 00:00:00,2013-06-08 00:00:00
783,80,7,49,0,0,,1,0,0,2013-06-08 00:00:00,2013-06-08 00:00:00
784,80,8,47,0,0,,1,0,0,2013-06-08 00:00:00,2013-06-08 00:00:00
785,80,9,42,0,0,,1,0,0,2013-06-08 00:00:00,2013-06-08 00:00:00
786,80,10,46,0,0,,1,0,0,2013-06-08 00:00:00,2013-06-08 00:00:00
787,80,11,41,0,0,,1,0,0,2013-06-08 00:00:00,2013-06-08 00:00:00
788,80,12,47,0,0,,1,0,0,2013-06-08 00:00:00,2013-06-08 00:00:00
789,80,13,44,0,0,,1,0,0,2013-06-08 00:00:00,2013-06-08 00:00:00
790,80,14,43,0,0,,1,0,0,2013-06-08 00:00:00,2013-06-08 00:00:00
791,80,15,46,0,0,,1,0,0,2013-06-08 00:00:00,2013-06-08 00:00:00
792,80,16,42,0,0,,1,0,0,2013-06-08 00:00:00,2013-06-08 00:00:00
793,80,17,45,0,0,,1,0,0,2013-06-08 00:00:00,2013-06-08 00:00:00
794,80,18,45,0,0,,1,0,0,2013-06-08 00:00:00,2013-06-08 00:00:00
795,80,19,42,0,0,,1,0,0,2013-06-08 00:00:00,2013-06-08 00:00:00
796,80,20,44,0,0,,1,0,0,2013-06-08 00:00:00,2013-06-08 00:00:00
797,80,21,38,0,0,,1,0,0,2013-06-08 00:00:00,2013-06-08 00:00:00
798,80,22,43,0,0,,1,0,0,2013-06-08 00:00:00,2013-06-08 00:00:00
799,80,23,45,0,0,,1,0,0,2013-06-08 00:00:00,2013-06-08 00:00:00
800,80,24,53,0,0,,1,0,0,2013-06-08 00:00:00,2013-06-08 00:00:00
801,80,25,23,0,0,,1,0,0,2013-06-08 00:00:00,2013-06-08 00:00:00
802,80,26,37,0,0,,1,0,0,2013-06-08 00:00:00,2013-06-08 00:00:00
803,80,27,47,0,0,,1,0,0,2013-06-08 00:00:00,2013-06-08 00:00:00
804,80,28,46,0,0,,1,0,0,2013-06-08 00:00:00,2013-06-08 00:00:00
805,80,29,50,0,0,,1,0,0,2013-06-08 00:00:00,2013-06-08 00:00:00
806,80,30,48,0,0,,1,0,0,2013-06-08 00:00:00,2013-06-08 00:00:00
807,80,31,45,0,0,,1,0,0,2013-06-08 00:00:00,2013-06-08 00:00:00
808,80,32,41,0,0,,1,0,0,2013-06-08 00:00:00,2013-06-08 00:00:00
809,80,33,48,0,0,,1,0,0,2013-06-08 00:00:00,2013-06-08 00:00:00
810,80,34,50,0,0,,1,0,0,2013-06-08 00:00:00,2013-06-08 00:00:00
811,80,35,47,0,0,,1,0,0,2013-06-08 00:00:00,2013-06-08 00:00:00
812,80,36,48,0,0,,1,0,0,2013-06-08 00:00:00,2013-06-08 00:00:00
813,80,37,49,0,0,,1,0,0,2013-06-08 00:00:00,2013-06-08 00:00:00
814,80,38,45,0,0,,1,0,0,2013-06-08 00:00:00,2013-06-08 00:00:00
815,80,39,41,0,0,,1,0,0,2013-06-08 00:00:00,2013-06-08 00:00:00
816,80,40,43,0,0,,1,0,0,2013-06-08 00:00:00,2013-06-08 00:00:00
817,80,41,44,0,0,,1,0,0,2013-06-08 00:00:00,2013-06-08 00:00:00
818,80,42,51,0,0,,1,0,0,2013-06-08 00:00:00,2013-06-08 00:00:00
819,73,1,53,0,0,,1,0,0,2013-06-08 00:00:00,2013-06-08 00:00:00
820,73,2,59,0,0,,1,0,0,2013-06-08 00:00:00,2013-06-08 00:00:00
821,73,3,61,0,0,,1,0,0,2013-06-08 00:00:00,2013-06-08 00:00:00
822,73,4,63,0,0,,1,0,0,2013-06-08 00:00:00,2013-06-08 00:00:00
823,73,5,61,0,0,,1,0,0,2013-06-08 00:00:00,2013-06-08 00:00:00
824,73,6,58,0,0,,1,0,0,2013-06-08 00:00:00,2013-06-08 00:00:00
825,73,7,59,0,0,,1,0,0,2013-06-08 00:00:00,2013-06-08 00:00:00
826,73,8,61,0,0,,1,0,0,2013-06-08 00:00:00,2013-06-08 00:00:00
827,73,9,59,0,0,,1,0,0,2013-06-08 00:00:00,2013-06-08 00:00:00
828,73,10,58,0,0,,1,0,0,2013-06-08 00:00:00,2013-06-08 00:00:00
829,73,11,56,0,0,,1,0,0,2013-06-08 00:00:00,2013-06-08 00:00:00
830,73,12,59,0,0,,1,0,0,2013-06-08 00:00:00,2013-06-08 00:00:00
831,73,13,57,0,0,,1,0,0,2013-06-08 00:00:00,2013-06-08 00:00:00
832,73,14,59,0,0,,1,0,0,2013-06-08 00:00:00,2013-06-08 00:00:00
833,73,15,61,0,0,,1,0,0,2013-06-08 00:00:00,2013-06-08 00:00:00
834,73,16,59,0,0,,1,0,0,2013-06-08 00:00:00,2013-06-08 00:00:00
835,73,17,62,0,0,,1,0,0,2013-06-08 00:00:00,2013-06-08 00:00:00
836,73,18,65,0,0,,1,0,0,2013-06-08 00:00:00,2013-06-08 00:00:00
837,73,19,62,0,0,,1,0,0,2013-06-08 00:00:00,2013-06-08 00:00:00
838,73,20,61,0,0,,1,0,0,2013-06-08 00:00:00,2013-06-08 00:00:00
839,73,21,63,0,0,,1,0,0,2013-06-08 00:00:00,2013-06-08 00:00:00
840,73,22,63,0,0,,1,0,0,2013-06-08 00:00:00,2013-06-08 00:00:00
841,73,23,66,0,0,,1,0,0,2013-06-08 00:00:00,2013-06-08 00:00:00
842,73,24,64,0,0,,1,0,0,2013-06-08 00:00:00,2013-06-08 00:00:00
843,73,25,64,0,0,,1,0,0,2013-06-08 00:00:00,2013-06-08 00:00:00
844,73,26,78,0,0,,1,0,0,2013-06-08 00:00:00,2013-06-08 00:00:00
845,73,27,76,0,0,,1,0,0,2013-06-08 00:00:00,2013-06-08 00:00:00
846,73,28,51,0,0,,1,0,0,2013-06-08 00:00:00,2013-06-08 00:00:00
847,73,29,48,0,0,,1,0,0,2013-06-08 00:00:00,2013-06-08 00:00:00
848,73,30,50,0,0,,1,0,0,2013-06-08 00:00:00,2013-06-08 00:00:00
849,73,31,53,0,0,,1,0,0,2013-06-08 00:00:00,2013-06-08 00:00:00
850,73,32,54,0,0,,1,0,0,2013-06-08 00:00:00,2013-06-08 00:00:00
851,73,33,51,0,0,,1,0,0,2013-06-08 00:00:00,2013-06-08 00:00:00
852,73,34,56,0,0,,1,0,0,2013-06-08 00:00:00,2013-06-08 00:00:00
853,73,35,64,0,0,,1,0,0,2013-06-08 00:00:00,2013-06-08 00:00:00
854,81,1,35,0,0,,1,0,0,2013-06-08 00:00:00,2013-06-08 00:00:00
855,81,2,34,0,0,,1,0,0,2013-06-08 00:00:00,2013-06-08 00:00:00
856,81,3,30,0,0,,1,0,0,2013-06-08 00:00:00,2013-06-08 00:00:00
857,81,4,34,0,0,,1,0,0,2013-06-08 00:00:00,2013-06-08 00:00:00
858,81,5,35,0,0,,1,0,0,2013-06-08 00:00:00,2013-06-08 00:00:00
859,81,6,32,0,0,,1,0,0,2013-06-08 00:00:00,2013-06-08 00:00:00
860,81,7,30,0,0,,1,0,0,2013-06-08 00:00:00,2013-06-08 00:00:00
861,81,8,32,0,0,,1,0,0,2013-06-08 00:00:00,2013-06-08 00:00:00
862,81,9,32,0,0,,1,0,0,2013-06-08 00:00:00,2013-06-08 00:00:00
863,81,10,35,0,0,,1,0,0,2013-06-08 00:00:00,2013-06-08 00:00:00
864,81,11,35,0,0,,1,0,0,2013-06-08 00:00:00,2013-06-08 00:00:00
865,81,12,36,0,0,,1,0,0,2013-06-08 00:00:00,2013-06-08 00:00:00
866,81,13,35,0,0,,1,0,0,2013-06-08 00:00:00,2013-06-08 00:00:00
867,81,14,35,0,0,,1,0,0,2013-06-08 00:00:00,2013-06-08 00:00:00
868,81,15,36,0,0,,1,0,0,2013-06-08 00:00:00,2013-06-08 00:00:00
869,81,16,33,0,0,,1,0,0,2013-06-08 00:00:00,2013-06-08 00:00:00
870,81,17,34,0,0,,1,0,0,2013-06-08 00:00:00,2013-06-08 00:00:00
871,81,18,35,0,0,,1,0,0,2013-06-08 00:00:00,2013-06-08 00:00:00
872,81,19,35,0,0,,1,0,0,2013-06-08 00:00:00,2013-06-08 00:00:00
873,81,20,36,0,0,,1,0,0,2013-06-08 00:00:00,2013-06-08 00:00:00
874,81,21,34,0,0,,1,0,0,2013-06-08 00:00:00,2013-06-08 00:00:00
875,81,22,33,0,0,,1,0,0,2013-06-08 00:00:00,2013-06-08 00:00:00
876,81,23,34,0,0,,1,0,0,2013-06-08 00:00:00,2013-06-08 00:00:00
877,81,24,37,0,0,,1,0,0,2013-06-08 00:00:00,2013-06-08 00:00:00
878,81,25,34,0,0,,1,0,0,2013-06-08 00:00:00,2013-06-08 00:00:00
879,81,26,35,0,0,,1,0,0,2013-06-08 00:00:00,2013-06-08 00:00:00
880,81,27,38,0,0,,1,0,0,2013-06-08 00:00:00,2013-06-08 00:00:00
881,81,28,37,0,0,,1,0,0,2013-06-08 00:00:00,2013-06-08 00:00:00
882,81,29,38,0,0,,1,0,0,2013-06-08 00:00:00,2013-06-08 00:00:00
883,81,30,39,0,0,,1,0,0,2013-06-08 00:00:00,2013-06-08 00:00:00
884,81,31,41,0,0,,1,0,0,2013-06-08 00:00:00,2013-06-08 00:00:00
885,63,1,38,0,0,,1,0,0,2013-06-08 00:00:00,2013-06-08 00:00:00
886,63,2,34,0,0,,1,0,0,2013-06-08 00:00:00,2013-06-08 00:00:00
887,63,3,33,0,0,,1,0,0,2013-06-08 00:00:00,2013-06-08 00:00:00
888,63,4,37,0,0,,1,0,0,2013-06-08 00:00:00,2013-06-08 00:00:00
889,63,5,60,0,0,,1,0,0,2013-06-08 00:00:00,2013-06-08 00:00:00
890,63,6,58,0,0,,1,0,0,2013-06-08 00:00:00,2013-06-08 00:00:00
891,63,7,61,0,0,,1,0,0,2013-06-08 00:00:00,2013-06-08 00:00:00
892,63,8,57,0,0,,1,0,0,2013-06-08 00:00:00,2013-06-08 00:00:00
893,63,9,56,0,0,,1,0,0,2013-06-08 00:00:00,2013-06-08 00:00:00
894,63,10,54,0,0,,1,0,0,2013-06-08 00:00:00,2013-06-08 00:00:00
895,63,11,58,0,0,,1,0,0,2013-06-08 00:00:00,2013-06-08 00:00:00
896,63,12,56,0,0,,1,0,0,2013-06-08 00:00:00,2013-06-08 00:00:00
897,63,13,58,0,0,,1,0,0,2013-06-08 00:00:00,2013-06-08 00:00:00
898,63,14,55,0,0,,1,0,0,2013-06-08 00:00:00,2013-06-08 00:00:00
899,63,15,63,0,0,,1,0,0,2013-06-08 00:00:00,2013-06-08 00:00:00
900,76,1,44,0,0,,1,0,0,2013-06-08 00:00:00,2013-06-08 00:00:00
901,76,2,48,0,0,,1,0,0,2013-06-08 00:00:00,2013-06-08 00:00:00
902,76,3,38,0,0,,1,0,0,2013-06-08 00:00:00,2013-06-08 00:00:00
903,76,4,57,0,0,,1,0,0,2013-06-08 00:00:00,2013-06-08 00:00:00
904,76,5,53,0,0,,1,0,0,2013-06-08 00:00:00,2013-06-08 00:00:00
905,76,6,52,0,0,,1,0,0,2013-06-08 00:00:00,2013-06-08 00:00:00
906,76,7,42,0,0,,1,0,0,2013-06-08 00:00:00,2013-06-08 00:00:00
907,76,8,43,0,0,,1,0,0,2013-06-08 00:00:00,2013-06-08 00:00:00
908,76,9,45,0,0,,1,0,0,2013-06-08 00:00:00,2013-06-08 00:00:00
909,76,10,45,0,0,,1,0,0,2013-06-08 00:00:00,2013-06-08 00:00:00
910,76,11,43,0,0,,1,0,0,2013-06-08 00:00:00,2013-06-08 00:00:00
911,76,12,44,0,0,,1,0,0,2013-06-08 00:00:00,2013-06-08 00:00:00
912,76,13,42,0,0,,1,0,0,2013-06-08 00:00:00,2013-06-08 00:00:00
913,76,14,45,0,0,,1,0,0,2013-06-08 00:00:00,2013-06-08 00:00:00
914,76,15,51,0,0,,1,0,0,2013-06-08 00:00:00,2013-06-08 00:00:00
915,72,1,53,0,0,,1,0,0,2013-06-08 00:00:00,2013-06-08 00:00:00
916,72,2,62,0,0,,1,0,0,2013-06-08 00:00:00,2013-06-08 00:00:00
917,72,3,56,0,0,,1,0,0,2013-06-08 00:00:00,2013-06-08 00:00:00
918,72,4,64,0,0,,1,0,0,2013-06-08 00:00:00,2013-06-08 00:00:00
919,72,5,59,0,0,,1,0,0,2013-06-08 00:00:00,2013-06-08 00:00:00
920,72,6,59,0,0,,1,0,0,2013-06-08 00:00:00,2013-06-08 00:00:00
921,72,7,57,0,0,,1,0,0,2013-06-08 00:00:00,2013-06-08 00:00:00
922,72,8,54,0,0,,1,0,0,2013-06-08 00:00:00,2013-06-08 00:00:00
923,72,9,44,0,0,,1,0,0,2013-06-08 00:00:00,2013-06-08 00:00:00
924,72,10,59,0,0,,1,0,0,2013-06-08 00:00:00,2013-06-08 00:00:00
925,75,1,41,0,0,,1,0,0,2013-06-08 00:00:00,2013-06-08 00:00:00
926,75,2,58,0,0,,1,0,0,2013-06-08 00:00:00,2013-06-08 00:00:00
927,75,3,45,0,0,,1,0,0,2013-06-08 00:00:00,2013-06-08 00:00:00
928,75,4,37,0,0,,1,0,0,2013-06-08 00:00:00,2013-06-08 00:00:00
929,75,5,40,0,0,,1,0,0,2013-06-08 00:00:00,2013-06-08 00:00:00
930,75,6,45,0,0,,1,0,0,2013-06-08 00:00:00,2013-06-08 00:00:00
931,75,7,43,0,0,,1,0,0,2013-06-08 00:00:00,2013-06-08 00:00:00
932,75,8,42,0,0,,1,0,0,2013-06-08 00:00:00,2013-06-08 00:00:00
933,75,9,43,0,0,,1,0,0,2013-06-08 00:00:00,2013-06-08 00:00:00
934,75,10,39,0,0,,1,0,0,2013-06-08 00:00:00,2013-06-08 00:00:00
935,75,11,39,0,0,,1,0,0,2013-06-08 00:00:00,2013-06-08 00:00:00
936,75,12,41,0,0,,1,0,0,2013-06-08 00:00:00,2013-06-08 00:00:00
937,75,13,39,0,0,,1,0,0,2013-06-08 00:00:00,2013-06-08 00:00:00
938,75,14,38,0,0,,1,0,0,2013-06-08 00:00:00,2013-06-08 00:00:00
939,75,15,50,0,0,,1,0,0,2013-06-08 00:00:00,2013-06-08 00:00:00
940,75,16,35,0,0,,1,0,0,2013-06-08 00:00:00,2013-06-08 00:00:00
941,75,17,54,0,0,,1,0,0,2013-06-08 00:00:00,2013-06-08 00:00:00
942,75,18,56,0,0,,1,0,0,2013-06-08 00:00:00,2013-06-08 00:00:00
943,75,19,57,0,0,,1,0,0,2013-06-08 00:00:00,2013-06-08 00:00:00
944,75,20,49,0,0,,1,0,0,2013-06-08 00:00:00,2013-06-08 00:00:00
945,75,21,57,0,0,,1,0,0,2013-06-08 00:00:00,2013-06-08 00:00:00
946,75,22,35,0,0,,1,0,0,2013-06-08 00:00:00,2013-06-08 00:00:00
947,75,23,18,0,0,,1,0,0,2013-06-08 00:00:00,2013-06-08 00:00:00
948,74,1,52,0,0,,1,0,0,2013-06-08 00:00:00,2013-06-08 00:00:00
949,74,2,42,0,0,,1,0,0,2013-06-08 00:00:00,2013-06-08 00:00:00
950,74,3,48,0,0,,1,0,0,2013-06-08 00:00:00,2013-06-08 00:00:00
951,74,4,49,0,0,,1,0,0,2013-06-08 00:00:00,2013-06-08 00:00:00
952,74,5,51,0,0,,1,0,0,2013-06-08 00:00:00,2013-06-08 00:00:00
953,74,6,52,0,0,,1,0,0,2013-06-08 00:00:00,2013-06-08 00:00:00
954,74,7,74,0,0,,1,0,0,2013-06-08 00:00:00,2013-06-08 00:00:00
955,74,8,55,0,0,,1,0,0,2013-06-08 00:00:00,2013-06-08 00:00:00
956,74,9,64,0,0,,1,0,0,2013-06-08 00:00:00,2013-06-08 00:00:00
957,74,10,63,0,0,,1,0,0,2013-06-08 00:00:00,2013-06-08 00:00:00
958,74,11,47,0,0,,1,0,0,2013-06-08 00:00:00,2013-06-08 00:00:00
959,74,12,51,0,0,,1,0,0,2013-06-08 00:00:00,2013-06-08 00:00:00
960,74,13,81,0,0,,1,0,0,2013-06-08 00:00:00,2013-06-08 00:00:00
961,79,1,41,0,0,,1,0,0,2013-06-08 00:00:00,2013-06-08 00:00:00
962,79,2,41,0,0,,1,0,0,2013-06-08 00:00:00,2013-06-08 00:00:00
963,79,3,44,0,0,,1,0,0,2013-06-08 00:00:00,2013-06-08 00:00:00
964,79,4,36,0,0,,1,0,0,2013-06-08 00:00:00,2013-06-08 00:00:00
965,79,5,41,0,0,,1,0,0,2013-06-08 00:00:00,2013-06-08 00:00:00
966,79,6,42,0,0,,1,0,0,2013-06-08 00:00:00,2013-06-08 00:00:00
967,79,7,41,0,0,,1,0,0,2013-06-08 00:00:00,2013-06-08 00:00:00
968,79,8,43,0,0,,1,0,0,2013-06-08 00:00:00,2013-06-08 00:00:00
969,79,9,37,0,0,,1,0,0,2013-06-08 00:00:00,2013-06-08 00:00:00
970,79,10,37,0,0,,1,0,0,2013-06-08 00:00:00,2013-06-08 00:00:00
971,79,11,41,0,0,,1,0,0,2013-06-08 00:00:00,2013-06-08 00:00:00
972,79,12,39,0,0,,1,0,0,2013-06-08 00:00:00,2013-06-08 00:00:00
973,79,13,40,0,0,,1,0,0,2013-06-08 00:00:00,2013-06-08 00:00:00
974,79,14,27,0,0,,1,0,0,2013-06-08 00:00:00,2013-06-08 00:00:00
975,79,15,26,0,0,,1,0,0,2013-06-08 00:00:00,2013-06-08 00:00:00
976,79,16,40,0,0,,1,0,0,2013-06-08 00:00:00,2013-06-08 00:00:00
977,79,17,37,0,0,,1,0,0,2013-06-08 00:00:00,2013-06-08 00:00:00
978,79,18,37,0,0,,1,0,0,2013-06-08 00:00:00,2013-06-08 00:00:00
979,78,1,52,0,0,,1,0,0,2013-06-08 00:00:00,2013-06-08 00:00:00
980,78,2,41,0,0,,1,0,0,2013-06-08 00:00:00,2013-06-08 00:00:00
981,78,3,49,0,0,,1,0,0,2013-06-08 00:00:00,2013-06-08 00:00:00
982,71,1,60,0,0,,1,0,0,2013-06-08 00:00:00,2013-06-08 00:00:00
983,71,2,56,0,0,,1,0,0,2013-06-08 00:00:00,2013-06-08 00:00:00
984,71,3,65,0,0,,1,0,0,2013-06-08 00:00:00,2013-06-08 00:00:00
985,71,4,61,0,0,,1,0,0,2013-06-08 00:00:00,2013-06-08 00:00:00
986,71,5,59,0,0,,1,0,0,2013-06-08 00:00:00,2013-06-08 00:00:00
987,71,6,58,0,0,,1,0,0,2013-06-08 00:00:00,2013-06-08 00:00:00
988,71,7,60,0,0,,1,0,0,2013-06-08 00:00:00,2013-06-08 00:00:00
989,71,8,59,0,0,,1,0,0,2013-06-08 00:00:00,2013-06-08 00:00:00
990,71,9,62,0,0,,1,0,0,2013-06-08 00:00:00,2013-06-08 00:00:00
991,71,10,59,0,0,,1,0,0,2013-06-08 00:00:00,2013-06-08 00:00:00
992,71,11,60,0,0,,1,0,0,2013-06-08 00:00:00,2013-06-08 00:00:00
993,71,12,60,0,0,,1,0,0,2013-06-08 00:00:00,2013-06-08 00:00:00
994,71,13,56,0,0,,1,0,0,2013-06-08 00:00:00,2013-06-08 00:00:00
995,71,14,61,0,0,,1,0,0,2013-06-08 00:00:00,2013-06-08 00:00:00
996,71,15,60,0,0,,1,0,0,2013-06-08 00:00:00,2013-06-08 00:00:00
997,71,16,56,0,0,,1,0,0,2013-06-08 00:00:00,2013-06-08 00:00:00
998,71,17,57,0,0,,1,0,0,2013-06-08 00:00:00,2013-06-08 00:00:00
999,71,18,55,0,0,,1,0,0,2013-06-08 00:00:00,2013-06-08 00:00:00
1000,71,19,55,0,0,,1,0,0,2013-06-08 00:00:00,2013-06-08 00:00:00
1001,71,20,53,0,0,,1,0,0,2013-06-08 00:00:00,2013-06-08 00:00:00
1002,71,21,59,0,0,,1,0,0,2013-06-08 00:00:00,2013-06-08 00:00:00
1003,71,22,58,0,0,,1,0,0,2013-06-08 00:00:00,2013-06-08 00:00:00
1004,71,23,60,0,0,,1,0,0,2013-06-08 00:00:00,2013-06-08 00:00:00
1005,71,24,55,0,0,,1,0,0,2013-06-08 00:00:00,2013-06-08 00:00:00
1006,71,25,54,0,0,,1,0,0,2013-06-08 00:00:00,2013-06-08 00:00:00
1007,71,26,54,0,0,,1,0,0,2013-06-08 00:00:00,2013-06-08 00:00:00
1008,71,27,53,0,0,,1,0,0,2013-06-08 00:00:00,2013-06-08 00:00:00
1009,71,28,52,0,0,,1,0,0,2013-06-08 00:00:00,2013-06-08 00:00:00
1010,71,29,56,0,0,,1,0,0,2013-06-08 00:00:00,2013-06-08 00:00:00
1011,71,30,57,0,0,,1,0,0,2013-06-08 00:00:00,2013-06-08 00:00:00
1012,71,31,40,0,0,,1,0,0,2013-06-08 00:00:00,2013-06-08 00:00:00
1013,71,32,41,0,0,,1,0,0,2013-06-08 00:00:00,2013-06-08 00:00:00
1014,71,33,31,0,0,,1,0,0,2013-06-08 00:00:00,2013-06-08 00:00:00
1015,71,34,43,0,0,,1,0,0,2013-06-08 00:00:00,2013-06-08 00:00:00
1016,70,1,55,0,0,,1,0,0,2013-06-08 00:00:00,2013-06-08 00:00:00
1017,70,2,50,0,0,,1,0,0,2013-06-08 00:00:00,2013-06-08 00:00:00
1018,70,3,53,0,0,,1,0,0,2013-06-08 00:00:00,2013-06-08 00:00:00
1019,70,4,52,0,0,,1,0,0,2013-06-08 00:00:00,2013-06-08 00:00:00
1020,70,5,45,0,0,,1,0,0,2013-06-08 00:00:00,2013-06-08 00:00:00
1021,70,6,47,0,0,,1,0,0,2013-06-08 00:00:00,2013-06-08 00:00:00
1022,70,7,49,0,0,,1,0,0,2013-06-08 00:00:00,2013-06-08 00:00:00
1023,70,8,47,0,0,,1,0,0,2013-06-08 00:00:00,2013-06-08 00:00:00
1024,70,9,55,0,0,,1,0,0,2013-06-08 00:00:00,2013-06-08 00:00:00
1025,70,10,49,0,0,,1,0,0,2013-06-08 00:00:00,2013-06-08 00:00:00
1026,70,11,50,0,0,,1,0,0,2013-06-08 00:00:00,2013-06-08 00:00:00
1027,70,12,52,0,0,,1,0,0,2013-06-08 00:00:00,2013-06-08 00:00:00
1028,70,13,48,0,0,,1,0,0,2013-06-08 00:00:00,2013-06-08 00:00:00
1029,70,14,44,0,0,,1,0,0,2013-06-08 00:00:00,2013-06-08 00:00:00
1030,70,15,39,0,0,,1,0,0,2013-06-08 00:00:00,2013-06-08 00:00:00
1031,70,16,44,0,0,,1,0,0,2013-06-08 00:00:00,2013-06-08 00:00:00
1032,70,17,47,0,0,,1,0,0,2013-06-08 00:00:00,2013-06-08 00:00:00
1033,70,18,45,0,0,,1,0,0,2013-06-08 00:00:00,2013-06-08 00:00:00
1034,70,19,47,0,0,,1,0,0,2013-06-08 00:00:00,2013-06-08 00:00:00
1035,70,20,47,0,0,,1,0,0,2013-06-08 00:00:00,2013-06-08 00:00:00
1036,70,21,50,0,0,,1,0,0,2013-06-08 00:00:00,2013-06-08 00:00:00
1037,70,22,52,0,0,,1,0,0,2013-06-08 00:00:00,2013-06-08 00:00:00
1038,70,23,45,0,0,,1,0,0,2013-06-08 00:00:00,2013-06-08 00:00:00
1039,70,24,51,0,0,,1,0,0,2013-06-08 00:00:00,2013-06-08 00:00:00
1040,70,25,50,0,0,,1,0,0,2013-06-08 00:00:00,2013-06-08 00:00:00
1041,70,26,48,0,0,,1,0,0,2013-06-08 00:00:00,2013-06-08 00:00:00
1042,70,27,49,0,0,,1,0,0,2013-06-08 00:00:00,2013-06-08 00:00:00
1043,70,28,50,0,0,,1,0,0,2013-06-08 00:00:00,2013-06-08 00:00:00
1044,70,29,47,0,0,,1,0,0,2013-06-08 00:00:00,2013-06-08 00:00:00
1045,70,30,46,0,0,,1,0,0,2013-06-08 00:00:00,2013-06-08 00:00:00
1046,70,31,48,0,0,,1,0,0,2013-06-08 00:00:00,2013-06-08 00:00:00
1047,70,32,47,0,0,,1,0,0,2013-06-08 00:00:00,2013-06-08 00:00:00
1048,70,33,45,0,0,,1,0,0,2013-06-08 00:00:00,2013-06-08 00:00:00
1049,70,34,48,0,0,,1,0,0,2013-06-08 00:00:00,2013-06-08 00:00:00
1050,68,1,20,0,0,,1,0,0,2013-06-08 00:00:00,2013-06-08 00:00:00
1051,68,2,27,0,0,,1,0,0,2013-06-08 00:00:00,2013-06-08 00:00:00
1052,68,3,29,0,0,,1,0,0,2013-06-08 00:00:00,2013-06-08 00:00:00
1053,68,4,30,0,0,,1,0,0,2013-06-08 00:00:00,2013-06-08 00:00:00
1054,68,5,29,0,0,,1,0,0,2013-06-08 00:00:00,2013-06-08 00:00:00
1055,68,6,30,0,0,,1,0,0,2013-06-08 00:00:00,2013-06-08 00:00:00
1056,68,7,37,0,0,,1,0,0,2013-06-08 00:00:00,2013-06-08 00:00:00
1057,68,8,36,0,0,,1,0,0,2013-06-08 00:00:00,2013-06-08 00:00:00
1058,68,9,38,0,0,,1,0,0,2013-06-08 00:00:00,2013-06-08 00:00:00
1059,68,10,75,0,0,,1,0,0,2013-06-08 00:00:00,2013-06-08 00:00:00
1060,68,11,48,0,0,,1,0,0,2013-06-08 00:00:00,2013-06-08 00:00:00
1061,68,12,45,0,0,,1,0,0,2013-06-08 00:00:00,2013-06-08 00:00:00
1062,68,13,31,0,0,,1,0,0,2013-06-08 00:00:00,2013-06-08 00:00:00
1063,68,14,38,0,0,,1,0,0,2013-06-08 00:00:00,2013-06-08 00:00:00
1064,68,15,39,0,0,,1,0,0,2013-06-08 00:00:00,2013-06-08 00:00:00
1065,68,16,40,0,0,,1,0,0,2013-06-08 00:00:00,2013-06-08 00:00:00
1066,68,17,40,0,0,,1,0,0,2013-06-08 00:00:00,2013-06-08 00:00:00
1067,68,18,43,0,0,,1,0,0,2013-06-08 00:00:00,2013-06-08 00:00:00
1068,68,19,35,0,0,,1,0,0,2013-06-08 00:00:00,2013-06-08 00:00:00
1069,68,20,40,0,0,,1,0,0,2013-06-08 00:00:00,2013-06-08 00:00:00
1070,68,21,32,0,0,,1,0,0,2013-06-08 00:00:00,2013-06-08 00:00:00
1071,68,22,31,0,0,,1,0,0,2013-06-08 00:00:00,2013-06-08 00:00:00
1072,68,23,31,0,0,,1,0,0,2013-06-08 00:00:00,2013-06-08 00:00:00
1073,68,24,34,0,0,,1,0,0,2013-06-08 00:00:00,2013-06-08 00:00:00
1074,68,25,30,0,0,,1,0,0,2013-06-08 00:00:00,2013-06-08 00:00:00
1075,68,26,32,0,0,,1,0,0,2013-06-08 00:00:00,2013-06-08 00:00:00
1076,68,27,31,0,0,,1,0,0,2013-06-08 00:00:00,2013-06-08 00:00:00
1077,68,28,31,0,0,,1,0,0,2013-06-08 00:00:00,2013-06-08 00:00:00
1078,68,29,32,0,0,,1,0,0,2013-06-08 00:00:00,2013-06-08 00:00:00
1079,68,30,31,0,0,,1,0,0,2013-06-08 00:00:00,2013-06-08 00:00:00
1080,68,31,32,0,0,,1,0,0,2013-06-08 00:00:00,2013-06-08 00:00:00
1081,68,32,33,0,0,,1,0,0,2013-06-08 00:00:00,2013-06-08 00:00:00
1082,68,33,33,0,0,,1,0,0,2013-06-08 00:00:00,2013-06-08 00:00:00
1083,68,34,32,0,0,,1,0,0,2013-06-08 00:00:00,2013-06-08 00:00:00
1084,68,35,34,0,0,,1,0,0,2013-06-08 00:00:00,2013-06-08 00:00:00
1085,68,36,31,0,0,,1,0,0,2013-06-08 00:00:00,2013-06-08 00:00:00
1086,68,37,32,0,0,,1,0,0,2013-06-08 00:00:00,2013-06-08 00:00:00
1087,68,38,33,0,0,,1,0,0,2013-06-08 00:00:00,2013-06-08 00:00:00
1088,69,1,44,0,0,,1,0,0,2013-06-08 00:00:00,2013-06-08 00:00:00
1089,69,2,76,0,0,,1,0,0,2013-06-08 00:00:00,2013-06-08 00:00:00
1090,69,3,49,0,0,,1,0,0,2013-06-08 00:00:00,2013-06-08 00:00:00
1091,69,4,64,0,0,,1,0,0,2013-06-08 00:00:00,2013-06-08 00:00:00
1092,69,5,73,0,0,,1,0,0,2013-06-08 00:00:00,2013-06-08 00:00:00
1093,69,6,57,0,0,,1,0,0,2013-06-08 00:00:00,2013-06-08 00:00:00
1094,69,7,38,0,0,,1,0,0,2013-06-08 00:00:00,2013-06-08 00:00:00
1095,69,8,40,0,0,,1,0,0,2013-06-08 00:00:00,2013-06-08 00:00:00
1096,69,9,37,0,0,,1,0,0,2013-06-08 00:00:00,2013-06-08 00:00:00
1097,69,10,91,0,0,,1,0,0,2013-06-08 00:00:00,2013-06-08 00:00:00
1098,69,11,61,0,0,,1,0,0,2013-06-08 00:00:00,2013-06-08 00:00:00
1099,69,12,40,0,0,,1,0,0,2013-06-08 00:00:00,2013-06-08 00:00:00
1100,69,13,41,0,0,,1,0,0,2013-06-08 00:00:00,2013-06-08 00:00:00
1101,69,14,34,0,0,,1,0,0,2013-06-08 00:00:00,2013-06-08 00:00:00
1102,69,15,59,0,0,,1,0,0,2013-06-08 00:00:00,2013-06-08 00:00:00
1103,69,16,60,0,0,,1,0,0,2013-06-08 00:00:00,2013-06-08 00:00:00
1104,69,17,63,0,0,,1,0,0,2013-06-08 00:00:00,2013-06-08 00:00:00
1105,69,18,63,0,0,,1,0,0,2013-06-08 00:00:00,2013-06-08 00:00:00
1106,65,1,42,0,0,,1,0,0,2013-06-08 00:00:00,2013-06-08 00:00:00
1107,65,2,41,0,0,,1,0,0,2013-06-08 00:00:00,2013-06-08 00:00:00
1108,65,3,47,0,0,,1,0,0,2013-06-08 00:00:00,2013-06-08 00:00:00
1109,65,4,48,0,0,,1,0,0,2013-06-08 00:00:00,2013-06-08 00:00:00
1110,65,5,51,0,0,,1,0,0,2013-06-08 00:00:00,2013-06-08 00:00:00
1111,65,6,40,0,0,,1,0,0,2013-06-08 00:00:00,2013-06-08 00:00:00
1112,65,7,41,0,0,,1,0,0,2013-06-08 00:00:00,2013-06-08 00:00:00
1113,65,8,40,0,0,,1,0,0,2013-06-08 00:00:00,2013-06-08 00:00:00
1114,65,9,40,0,0,,1,0,0,2013-06-08 00:00:00,2013-06-08 00:00:00
1115,65,10,45,0,0,,1,0,0,2013-06-08 00:00:00,2013-06-08 00:00:00
1116,65,11,49,0,0,,1,0,0,2013-06-08 00:00:00,2013-06-08 00:00:00
1117,65,12,57,0,0,,1,0,0,2013-06-08 00:00:00,2013-06-08 00:00:00
1118,65,13,61,0,0,,1,0,0,2013-06-08 00:00:00,2013-06-08 00:00:00
1119,65,14,54,0,0,,1,0,0,2013-06-08 00:00:00,2013-06-08 00:00:00
1120,65,15,58,0,0,,1,0,0,2013-06-08 00:00:00,2013-06-08 00:00:00
1121,65,16,60,0,0,,1,0,0,2013-06-08 00:00:00,2013-06-08 00:00:00
1122,65,17,56,0,0,,1,0,0,2013-06-08 00:00:00,2013-06-08 00:00:00
1123,65,18,55,0,0,,1,0,0,2013-06-08 00:00:00,2013-06-08 00:00:00
1124,65,19,53,0,0,,1,0,0,2013-06-08 00:00:00,2013-06-08 00:00:00
1125,65,20,60,0,0,,1,0,0,2013-06-08 00:00:00,2013-06-08 00:00:00
1126,65,21,57,0,0,,1,0,0,2013-06-08 00:00:00,2013-06-08 00:00:00
1127,65,22,57,0,0,,1,0,0,2013-06-08 00:00:00,2013-06-08 00:00:00
1128,57,1,66,0,0,,1,0,0,2013-06-08 00:00:00,2013-06-08 00:00:00
1129,57,2,69,0,0,,1,0,0,2013-06-08 00:00:00,2013-06-08 00:00:00
1130,57,3,64,0,0,,1,0,0,2013-06-08 00:00:00,2013-06-08 00:00:00
1131,57,4,71,0,0,,1,0,0,2013-06-08 00:00:00,2013-06-08 00:00:00
1132,57,5,72,0,0,,1,0,0,2013-06-08 00:00:00,2013-06-08 00:00:00
1133,57,6,75,0,0,,1,0,0,2013-06-08 00:00:00,2013-06-08 00:00:00
1134,57,7,80,0,0,,1,0,0,2013-06-08 00:00:00,2013-06-08 00:00:00
1135,57,8,70,0,0,,1,0,0,2013-06-08 00:00:00,2013-06-08 00:00:00
1136,57,9,71,0,0,,1,0,0,2013-06-08 00:00:00,2013-06-08 00:00:00
1137,57,10,55,0,0,,1,0,0,2013-06-08 00:00:00,2013-06-08 00:00:00
1138,57,11,57,0,0,,1,0,0,2013-06-08 00:00:00,2013-06-08 00:00:00
1139,57,12,59,0,0,,1,0,0,2013-06-08 00:00:00,2013-06-08 00:00:00
1140,57,13,71,0,0,,1,0,0,2013-06-08 00:00:00,2013-06-08 00:00:00
1141,57,14,62,0,0,,1,0,0,2013-06-08 00:00:00,2013-06-08 00:00:00
1142,57,15,61,0,0,,1,0,0,2013-06-08 00:00:00,2013-06-08 00:00:00
1143,57,16,93,0,0,,1,0,0,2013-06-08 00:00:00,2013-06-08 00:00:00
1144,57,17,80,0,0,,1,0,0,2013-06-08 00:00:00,2013-06-08 00:00:00
1145,57,18,90,0,0,,1,0,0,2013-06-08 00:00:00,2013-06-08 00:00:00
1146,57,19,57,0,0,,1,0,0,2013-06-08 00:00:00,2013-06-08 00:00:00
1147,57,20,81,0,0,,1,0,0,2013-06-08 00:00:00,2013-06-08 00:00:00
1148,57,21,93,0,0,,1,0,0,2013-06-08 00:00:00,2013-06-08 00:00:00
1149,57,22,90,0,0,,1,0,0,2013-06-08 00:00:00,2013-06-08 00:00:00
1150,57,23,99,0,0,,1,0,0,2013-06-08 00:00:00,2013-06-08 00:00:00
1151,57,24,88,0,0,,1,0,0,2013-06-08 00:00:00,2013-06-08 00:00:00
1152,56,1,35,0,0,,1,0,0,2013-06-08 00:00:00,2013-06-08 00:00:00
1153,56,2,40,0,0,,1,0,0,2013-06-08 00:00:00,2013-06-08 00:00:00
1154,56,3,35,0,0,,1,0,0,2013-06-08 00:00:00,2013-06-08 00:00:00
1155,56,4,35,0,0,,1,0,0,2013-06-08 00:00:00,2013-06-08 00:00:00
1156,56,5,38,0,0,,1,0,0,2013-06-08 00:00:00,2013-06-08 00:00:00
1157,56,6,37,0,0,,1,0,0,2013-06-08 00:00:00,2013-06-08 00:00:00
1158,56,7,40,0,0,,1,0,0,2013-06-08 00:00:00,2013-06-08 00:00:00
1159,56,8,39,0,0,,1,0,0,2013-06-08 00:00:00,2013-06-08 00:00:00
1160,56,9,40,0,0,,1,0,0,2013-06-08 00:00:00,2013-06-08 00:00:00
1161,56,10,40,0,0,,1,0,0,2013-06-08 00:00:00,2013-06-08 00:00:00
1162,56,11,43,0,0,,1,0,0,2013-06-08 00:00:00,2013-06-08 00:00:00
1163,56,12,34,0,0,,1,0,0,2013-06-08 00:00:00,2013-06-08 00:00:00
1164,56,13,41,0,0,,1,0,0,2013-06-08 00:00:00,2013-06-08 00:00:00
1165,56,14,41,0,0,,1,0,0,2013-06-08 00:00:00,2013-06-08 00:00:00
1166,56,15,40,0,0,,1,0,0,2013-06-08 00:00:00,2013-06-08 00:00:00
1167,56,16,43,0,0,,1,0,0,2013-06-08 00:00:00,2013-06-08 00:00:00
1168,56,17,47,0,0,,1,0,0,2013-06-08 00:00:00,2013-06-08 00:00:00
1169,56,18,42,0,0,,1,0,0,2013-06-08 00:00:00,2013-06-08 00:00:00
1170,56,19,43,0,0,,1,0,0,2013-06-08 00:00:00,2013-06-08 00:00:00
1171,56,20,44,0,0,,1,0,0,2013-06-08 00:00:00,2013-06-08 00:00:00
1172,56,21,47,0,0,,1,0,0,2013-06-08 00:00:00,2013-06-08 00:00:00
1173,56,22,41,0,0,,1,0,0,2013-06-08 00:00:00,2013-06-08 00:00:00
1174,56,23,39,0,0,,1,0,0,2013-06-08 00:00:00,2013-06-08 00:00:00
1175,56,24,125,0,0,,1,0,0,2013-06-08 00:00:00,2013-06-08 00:00:00
1176,56,25,99,0,0,,1,0,0,2013-06-08 00:00:00,2013-06-08 00:00:00
1177,56,26,73,0,0,,1,0,0,2013-06-08 00:00:00,2013-06-08 00:00:00
1178,56,27,62,0,0,,1,0,0,2013-06-08 00:00:00,2013-06-08 00:00:00
1179,56,28,86,0,0,,1,0,0,2013-06-08 00:00:00,2013-06-08 00:00:00
1180,56,29,78,0,0,,1,0,0,2013-06-08 00:00:00,2013-06-08 00:00:00
1181,56,30,78,0,0,,1,0,0,2013-06-08 00:00:00,2013-06-08 00:00:00
1182,56,31,59,0,0,,1,0,0,2013-06-08 00:00:00,2013-06-08 00:00:00
1183,56,32,75,0,0,,1,0,0,2013-06-08 00:00:00,2013-06-08 00:00:00
1184,56,33,110,0,0,,1,0,0,2013-06-08 00:00:00,2013-06-08 00:00:00
1185,56,34,121,0,0,,1,0,0,2013-06-08 00:00:00,2013-06-08 00:00:00
1186,56,35,132,0,0,,1,0,0,2013-06-08 00:00:00,2013-06-08 00:00:00
1187,56,36,102,0,0,,1,0,0,2013-06-08 00:00:00,2013-06-08 00:00:00
1188,59,1,59,0,0,,1,0,0,2013-06-08 00:00:00,2013-06-08 00:00:00
1189,59,2,58,0,0,,1,0,0,2013-06-08 00:00:00,2013-06-08 00:00:00
1190,59,3,66,0,0,,1,0,0,2013-06-08 00:00:00,2013-06-08 00:00:00
1191,59,4,53,0,0,,1,0,0,2013-06-08 00:00:00,2013-06-08 00:00:00
1192,59,5,30,0,0,,1,0,0,2013-06-08 00:00:00,2013-06-08 00:00:00
1193,59,6,67,0,0,,1,0,0,2013-06-08 00:00:00,2013-06-08 00:00:00
1194,59,7,59,0,0,,1,0,0,2013-06-08 00:00:00,2013-06-08 00:00:00
1195,59,8,64,0,0,,1,0,0,2013-06-08 00:00:00,2013-06-08 00:00:00
1196,59,9,61,0,0,,1,0,0,2013-06-08 00:00:00,2013-06-08 00:00:00
1197,59,10,57,0,0,,1,0,0,2013-06-08 00:00:00,2013-06-08 00:00:00
1198,59,11,61,0,0,,1,0,0,2013-06-08 00:00:00,2013-06-08 00:00:00
1199,59,12,63,0,0,,1,0,0,2013-06-08 00:00:00,2013-06-08 00:00:00
1200,59,13,88,0,0,,1,0,0,2013-06-08 00:00:00,2013-06-08 00:00:00
1201,59,14,89,0,0,,1,0,0,2013-06-08 00:00:00,2013-06-08 00:00:00
1202,59,15,95,0,0,,1,0,0,2013-06-08 00:00:00,2013-06-08 00:00:00
1203,59,16,107,0,0,,1,0,0,2013-06-08 00:00:00,2013-06-08 00:00:00
1204,59,17,61,0,0,,1,0,0,2013-06-08 00:00:00,2013-06-08 00:00:00
1205,59,18,58,0,0,,1,0,0,2013-06-08 00:00:00,2013-06-08 00:00:00
1206,59,19,98,0,0,,1,0,0,2013-06-08 00:00:00,2013-06-08 00:00:00
1207,59,20,98,0,0,,1,0,0,2013-06-08 00:00:00,2013-06-08 00:00:00
1208,59,21,59,0,0,,1,0,0,2013-06-08 00:00:00,2013-06-08 00:00:00
1209,59,22,109,0,0,,1,0,0,2013-06-08 00:00:00,2013-06-08 00:00:00
1210,59,23,69,0,0,,1,0,0,2013-06-08 00:00:00,2013-06-08 00:00:00
1211,59,24,88,0,0,,1,0,0,2013-06-08 00:00:00,2013-06-08 00:00:00
1212,59,25,134,0,0,,1,0,0,2013-06-08 00:00:00,2013-06-08 00:00:00
1213,60,1,72,0,0,,1,0,0,2013-06-08 00:00:00,2013-06-08 00:00:00
1214,60,2,73,0,0,,1,0,0,2013-06-08 00:00:00,2013-06-08 00:00:00
1215,60,3,79,0,0,,1,0,0,2013-06-08 00:00:00,2013-06-08 00:00:00
1216,60,4,52,0,0,,1,0,0,2013-06-08 00:00:00,2013-06-08 00:00:00
1217,60,5,59,0,0,,1,0,0,2013-06-08 00:00:00,2013-06-08 00:00:00
1218,60,6,68,0,0,,1,0,0,2013-06-08 00:00:00,2013-06-08 00:00:00
1219,60,7,66,0,0,,1,0,0,2013-06-08 00:00:00,2013-06-08 00:00:00
1220,60,8,75,0,0,,1,0,0,2013-06-08 00:00:00,2013-06-08 00:00:00
1221,60,9,81,0,0,,1,0,0,2013-06-08 00:00:00,2013-06-08 00:00:00
1222,60,10,99,0,0,,1,0,0,2013-06-08 00:00:00,2013-06-08 00:00:00
1223,60,11,52,0,0,,1,0,0,2013-06-08 00:00:00,2013-06-08 00:00:00
1224,60,12,52,0,0,,1,0,0,2013-06-08 00:00:00,2013-06-08 00:00:00
1225,60,13,51,0,0,,1,0,0,2013-06-08 00:00:00,2013-06-08 00:00:00
1226,60,14,81,0,0,,1,0,0,2013-06-08 00:00:00,2013-06-08 00:00:00
1227,60,15,64,0,0,,1,0,0,2013-06-08 00:00:00,2013-06-08 00:00:00
1228,60,16,81,0,0,,1,0,0,2013-06-08 00:00:00,2013-06-08 00:00:00
1229,60,17,112,0,0,,1,0,0,2013-06-08 00:00:00,2013-06-08 00:00:00
1230,60,18,67,0,0,,1,0,0,2013-06-08 00:00:00,2013-06-08 00:00:00
1231,60,19,73,0,0,,1,0,0,2013-06-08 00:00:00,2013-06-08 00:00:00
1232,60,20,120,0,0,,1,0,0,2013-06-08 00:00:00,2013-06-08 00:00:00
1233,61,1,33,0,0,,1,0,0,2013-06-08 00:00:00,2013-06-08 00:00:00
1234,61,2,45,0,0,,1,0,0,2013-06-08 00:00:00,2013-06-08 00:00:00
1235,61,3,43,0,0,,1,0,0,2013-06-08 00:00:00,2013-06-08 00:00:00
1236,61,4,43,0,0,,1,0,0,2013-06-08 00:00:00,2013-06-08 00:00:00
1237,61,5,52,0,0,,1,0,0,2013-06-08 00:00:00,2013-06-08 00:00:00
1238,61,6,35,0,0,,1,0,0,2013-06-08 00:00:00,2013-06-08 00:00:00
1239,61,7,40,0,0,,1,0,0,2013-06-08 00:00:00,2013-06-08 00:00:00
1240,61,8,43,0,0,,1,0,0,2013-06-08 00:00:00,2013-06-08 00:00:00
1241,61,9,45,0,0,,1,0,0,2013-06-08 00:00:00,2013-06-08 00:00:00
1242,61,10,49,0,0,,1,0,0,2013-06-08 00:00:00,2013-06-08 00:00:00
1243,62,1,47,0,0,,1,0,0,2013-06-08 00:00:00,2013-06-08 00:00:00
1244,62,2,57,0,0,,1,0,0,2013-06-08 00:00:00,2013-06-08 00:00:00
1245,62,3,49,0,0,,1,0,0,2013-06-08 00:00:00,2013-06-08 00:00:00
1246,62,4,48,0,0,,1,0,0,2013-06-08 00:00:00,2013-06-08 00:00:00
1247,62,5,50,0,0,,1,0,0,2013-06-08 00:00:00,2013-06-08 00:00:00
1248,62,6,49,0,0,,1,0,0,2013-06-08 00:00:00,2013-06-08 00:00:00
1249,62,7,46,0,0,,1,0,0,2013-06-08 00:00:00,2013-06-08 00:00:00
1250,62,8,64,0,0,,1,0,0,2013-06-08 00:00:00,2013-06-08 00:00:00
1251,62,9,51,0,0,,1,0,0,2013-06-08 00:00:00,2013-06-08 00:00:00
1252,62,10,51,0,0,,1,0,0,2013-06-08 00:00:00,2013-06-08 00:00:00
1253,62,11,67,0,0,,1,0,0,2013-06-08 00:00:00,2013-06-08 00:00:00
1254,62,12,55,0,0,,1,0,0,2013-06-08 00:00:00,2013-06-08 00:00:00
1255,62,13,41,0,0,,1,0,0,2013-06-08 00:00:00,2013-06-08 00:00:00
1256,62,14,72,0,0,,1,0,0,2013-06-08 00:00:00,2013-06-08 00:00:00
1257,62,15,89,0,0,,1,0,0,2013-06-08 00:00:00,2013-06-08 00:00:00
1258,62,16,51,0,0,,1,0,0,2013-06-08 00:00:00,2013-06-08 00:00:00
1259,62,17,64,0,0,,1,0,0,2013-06-08 00:00:00,2013-06-08 00:00:00
1260,62,18,67,0,0,,1,0,0,2013-06-08 00:00:00,2013-06-08 00:00:00
1261,62,19,86,0,0,,1,0,0,2013-06-08 00:00:00,2013-06-08 00:00:00
1262,62,20,43,0,0,,1,0,0,2013-06-08 00:00:00,2013-06-08 00:00:00
1263,66,1,55,0,0,,1,0,0,2013-06-08 00:00:00,2013-06-08 00:00:00
1264,66,2,54,0,0,,1,0,0,2013-06-08 00:00:00,2013-06-08 00:00:00
1265,66,3,51,0,0,,1,0,0,2013-06-08 00:00:00,2013-06-08 00:00:00
1266,66,4,53,0,0,,1,0,0,2013-06-08 00:00:00,2013-06-08 00:00:00
1267,66,5,60,0,0,,1,0,0,2013-06-08 00:00:00,2013-06-08 00:00:00
1268,66,6,60,0,0,,1,0,0,2013-06-08 00:00:00,2013-06-08 00:00:00
1269,66,7,48,0,0,,1,0,0,2013-06-08 00:00:00,2013-06-08 00:00:00
1270,66,8,50,0,0,,1,0,0,2013-06-08 00:00:00,2013-06-08 00:00:00
1271,66,9,52,0,0,,1,0,0,2013-06-08 00:00:00,2013-06-08 00:00:00
1272,66,10,53,0,0,,1,0,0,2013-06-08 00:00:00,2013-06-08 00:00:00
1273,66,11,31,0,0,,1,0,0,2013-06-08 00:00:00,2013-06-08 00:00:00
1274,66,12,31,0,0,,1,0,0,2013-06-08 00:00:00,2013-06-08 00:00:00
1275,66,13,40,0,0,,1,0,0,2013-06-08 00:00:00,2013-06-08 00:00:00
1276,66,14,40,0,0,,1,0,0,2013-06-08 00:00:00,2013-06-08 00:00:00
1277,66,15,42,0,0,,1,0,0,2013-06-08 00:00:00,2013-06-08 00:00:00
1278,66,16,46,0,0,,1,0,0,2013-06-08 00:00:00,2013-06-08 00:00:00
1279,66,17,18,0,0,,1,0,0,2013-06-08 00:00:00,2013-06-08 00:00:00
1280,66,18,26,0,0,,1,0,0,2013-06-08 00:00:00,2013-06-08 00:00:00
1281,66,19,25,0,0,,1,0,0,2013-06-08 00:00:00,2013-06-08 00:00:00
1282,66,20,48,0,0,,1,0,0,2013-06-08 00:00:00,2013-06-08 00:00:00
1283,66,21,51,0,0,,1,0,0,2013-06-08 00:00:00,2013-06-08 00:00:00
1284,66,22,55,0,0,,1,0,0,2013-06-08 00:00:00,2013-06-08 00:00:00
1285,66,23,52,0,0,,1,0,0,2013-06-08 00:00:00,2013-06-08 00:00:00
1286,66,24,52,0,0,,1,0,0,2013-06-08 00:00:00,2013-06-08 00:00:00
1287,66,25,55,0,0,,1,0,0,2013-06-08 00:00:00,2013-06-08 00:00:00
1288,66,26,55,0,0,,1,0,0,2013-06-08 00:00:00,2013-06-08 00:00:00
1289,66,27,65,0,0,,1,0,0,2013-06-08 00:00:00,2013-06-08 00:00:00
1290,66,28,64,0,0,,1,0,0,2013-06-08 00:00:00,2013-06-08 00:00:00
1291,66,29,84,0,0,,1,0,0,2013-06-08 00:00:00,2013-06-08 00:00:00
1292,66,30,78,0,0,,1,0,0,2013-06-08 00:00:00,2013-06-08 00:00:00
1293,66,31,81,0,0,,1,0,0,2013-06-08 00:00:00,2013-06-08 00:00:00
1294,64,1,66,0,131,,1,0,0,2013-06-08 00:00:00,2013-06-08 00:00:00
1295,64,2,77,0,0,,1,0,0,2013-06-08 00:00:00,2013-06-08 00:00:00
1296,64,3,59,0,0,,1,0,0,2013-06-08 00:00:00,2013-06-08 00:00:00
1297,64,4,53,0,0,,1,0,0,2013-06-08 00:00:00,2013-06-08 00:00:00
1298,64,5,70,0,0,,1,0,0,2013-06-08 00:00:00,2013-06-08 00:00:00
1299,64,6,75,0,0,,1,0,0,2013-06-08 00:00:00,2013-06-08 00:00:00
1300,64,7,71,0,0,,1,0,0,2013-06-08 00:00:00,2013-06-08 00:00:00
1301,64,8,91,0,0,,1,0,0,2013-06-08 00:00:00,2013-06-08 00:00:00
1302,64,9,88,0,0,,1,0,0,2013-06-08 00:00:00,2013-06-08 00:00:00
1303,64,10,82,0,0,,1,0,0,2013-06-08 00:00:00,2013-06-08 00:00:00
1304,64,11,61,0,0,,1,0,0,2013-06-08 00:00:00,2013-06-08 00:00:00
1305,64,12,80,0,0,,1,0,0,2013-06-08 00:00:00,2013-06-08 00:00:00
1306,64,13,137,0,0,,1,0,0,2013-06-08 00:00:00,2013-06-08 00:00:00
1307,64,14,91,0,0,,1,0,0,2013-06-08 00:00:00,2013-06-08 00:00:00
1308,64,15,98,0,0,,1,0,0,2013-06-08 00:00:00,2013-06-08 00:00:00
1309,64,16,99,0,0,,1,0,0,2013-06-08 00:00:00,2013-06-08 00:00:00
1310,58,1,22,0,0,,1,0,0,2013-06-08 00:00:00,2013-06-08 00:00:00
1311,58,2,26,0,0,,1,0,0,2013-06-08 00:00:00,2013-06-08 00:00:00
1312,58,3,27,0,0,,1,0,0,2013-06-08 00:00:00,2013-06-08 00:00:00
1313,58,4,24,0,0,,1,0,0,2013-06-08 00:00:00,2013-06-08 00:00:00
1314,58,5,21,0,0,,1,0,0,2013-06-08 00:00:00,2013-06-08 00:00:00
1315,58,6,20,0,0,,1,0,0,2013-06-08 00:00:00,2013-06-08 00:00:00
1316,58,7,21,0,0,,1,0,0,2013-06-08 00:00:00,2013-06-08 00:00:00
1317,58,8,23,0,0,,1,0,0,2013-06-08 00:00:00,2013-06-08 00:00:00
1318,58,9,21,0,0,,1,0,0,2013-06-08 00:00:00,2013-06-08 00:00:00
1319,58,10,21,0,0,,1,0,0,2013-06-08 00:00:00,2013-06-08 00:00:00
1320,58,11,22,0,0,,1,0,0,2013-06-08 00:00:00,2013-06-08 00:00:00
1321,58,12,22,0,0,,1,0,0,2013-06-08 00:00:00,2013-06-08 00:00:00
1322,58,13,23,0,0,,1,0,0,2013-06-08 00:00:00,2013-06-08 00:00:00
1323,58,14,22,0,0,,1,0,0,2013-06-08 00:00:00,2013-06-08 00:00:00
1324,58,15,21,0,0,,1,0,0,2013-06-08 00:00:00,2013-06-08 00:00:00
1325,58,16,21,0,0,,1,0,0,2013-06-08 00:00:00,2013-06-08 00:00:00
1326,58,17,20,0,0,,1,0,0,2013-06-08 00:00:00,2013-06-08 00:00:00
1327,58,18,23,0,0,,1,0,0,2013-06-08 00:00:00,2013-06-08 00:00:00
1328,58,19,20,0,0,,1,0,0,2013-06-08 00:00:00,2013-06-08 00:00:00
1329,58,20,21,0,0,,1,0,0,2013-06-08 00:00:00,2013-06-08 00:00:00
1330,58,21,21,0,0,,1,0,0,2013-06-08 00:00:00,2013-06-08 00:00:00
1331,58,22,24,0,0,,1,0,0,2013-06-08 00:00:00,2013-06-08 00:00:00
1332,58,23,24,0,0,,1,0,0,2013-06-08 00:00:00,2013-06-08 00:00:00
1333,58,24,26,0,0,,1,0,0,2013-06-08 00:00:00,2013-06-08 00:00:00
1334,58,25,25,0,0,,1,0,0,2013-06-08 00:00:00,2013-06-08 00:00:00
1335,58,26,23,0,0,,1,0,0,2013-06-08 00:00:00,2013-06-08 00:00:00
1336,58,27,0,0,0,,1,0,0,2013-06-08 00:00:00,2013-06-08 00:00:00
1337,58,28,0,0,0,,1,0,0,2013-06-08 00:00:00,2013-06-08 00:00:00
1338,58,29,0,0,0,,1,0,0,2013-06-08 00:00:00,2013-06-08 00:00:00
1339,58,30,72,0,0,,1,0,0,2013-06-08 00:00:00,2013-06-08 00:00:00
1340,58,31,48,0,0,,1,0,0,2013-06-08 00:00:00,2013-06-08 00:00:00
1341,58,32,42,0,0,,1,0,0,2013-06-08 00:00:00,2013-06-08 00:00:00
1342,58,33,58,0,0,,1,0,0,2013-06-08 00:00:00,2013-06-08 00:00:00
1343,58,34,54,0,0,,1,0,0,2013-06-08 00:00:00,2013-06-08 00:00:00
1344,58,35,67,0,0,,1,0,0,2013-06-08 00:00:00,2013-06-08 00:00:00
1345,58,36,74,0,0,,1,0,0,2013-06-08 00:00:00,2013-06-08 00:00:00
1346,58,37,63,0,0,,1,0,0,2013-06-08 00:00:00,2013-06-08 00:00:00
1347,58,38,68,0,0,,1,0,0,2013-06-08 00:00:00,2013-06-08 00:00:00
1348,58,39,111,0,0,,1,0,0,2013-06-08 00:00:00,2013-06-08 00:00:00
1349,58,40,59,0,0,,1,0,0,2013-06-08 00:00:00,2013-06-08 00:00:00
1350,58,41,53,0,0,,1,0,0,2013-06-08 00:00:00,2013-06-08 00:00:00
1351,58,42,84,0,0,,1,0,0,2013-06-08 00:00:00,2013-06-08 00:00:00
1352,97,1,0,0,0,,1,0,0,2013-06-29 21:29:46,2013-06-29 21:29:46
1353,141,1,0,0,0,,1,0,0,2013-06-29 21:55:38,2013-06-29 21:55:38
1354,142,1,0,0,0,,1,0,0,2013-06-29 21:56:26,2013-06-29 21:56:26
1355,144,1,0,0,0,,1,0,0,2013-06-29 21:57:03,2013-06-29 21:57:03
1356,143,1,0,0,0,,1,0,0,2013-06-29 21:57:42,2013-06-29 21:57:42
1357,115,1,0,0,0,,1,0,0,2013-06-29 23:29:23,2013-06-29 23:29:23
1358,146,1,126,0,346,,1,0,0,2013-07-05 17:16:39,2013-07-05 17:16:39
1359,147,1,264,0,72,,1,0,0,2013-07-05 17:38:53,2013-07-05 17:38:53
1360,148,1,108,0,321,ウェブ高速化のベストプラクティス,1,0,0,2013-07-05 18:12:13,2013-07-05 18:12:13
1361,149,1,55,0,179,,1,0,0,2013-07-05 18:19:06,2013-07-05 18:19:06
1362,150,1,145,0,356,,1,0,0,2013-07-05 18:22:42,2013-07-05 18:22:42
1363,151,1,134,0,413,,1,0,0,2013-07-05 18:26:17,2013-07-05 18:26:17
1364,152,1,104,0,339,,1,0,0,2013-07-05 18:40:29,2013-07-05 18:40:29
1365,153,1,2,0,241,,1,0,0,2013-07-05 18:47:15,2013-07-05 18:47:15
1366,1,57,88,0,197,,1,0,0,2013-07-06 03:35:16,2013-07-06 03:35:16
1367,1,58,92,0,213,,1,0,0,2013-07-06 03:36:06,2013-07-06 03:36:06
1368,1,59,86,0,197,,1,0,0,2013-07-06 03:37:01,2013-07-06 03:37:01
1369,1,60,93,0,197,,1,0,0,2013-07-06 03:37:33,2013-07-06 03:37:33
1370,30,28,0,0,0,,1,0,0,2013-07-06 03:43:50,2013-07-06 03:43:50
1371,30,29,0,0,0,,1,0,0,2013-07-06 03:44:13,2013-07-06 03:44:13
1372,30,30,84,0,213,,1,0,0,2013-07-06 03:45:17,2013-07-06 03:45:17
1373,5,64,112,0,229,,1,0,0,2013-07-06 03:50:20,2013-07-06 03:50:20
1374,5,65,109,0,221,,1,0,0,2013-07-06 03:52:06,2013-07-06 03:52:06
1375,5,66,109,0,221,,1,0,0,2013-07-06 03:52:53,2013-07-06 03:52:53
1376,5,67,109,0,235,,1,0,0,2013-07-06 03:53:31,2013-07-06 03:53:31
1377,155,1,90,0,197,,1,0,0,2013-07-06 20:00:03,2013-07-06 20:00:03
1378,155,2,90,0,197,,1,0,0,2013-07-06 20:00:03,2013-07-06 20:00:03
1379,155,3,101,0,205,,1,0,0,2013-07-06 20:00:03,2013-07-06 20:00:03
1380,155,4,96,0,197,,1,0,0,2013-07-06 20:00:03,2013-07-06 20:00:03
1381,155,5,103,0,197,,1,0,0,2013-07-06 20:00:03,2013-07-06 20:00:03
1382,155,6,107,0,197,,1,0,0,2013-07-06 20:00:03,2013-07-06 20:00:03
1383,155,7,112,0,197,,1,0,0,2013-07-06 20:00:03,2013-07-06 20:00:03
1384,155,8,101,0,197,,1,0,0,2013-07-06 20:00:03,2013-07-06 20:00:03
1385,155,9,105,0,197,,1,0,0,2013-07-06 20:00:03,2013-07-06 20:00:03
1386,155,10,112,0,197,,1,0,0,2013-07-06 20:00:03,2013-07-06 20:00:03
1387,6,33,124,0,214,,1,0,0,2013-07-06 20:25:26,2013-07-06 20:25:26
1388,6,34,135,0,229,,1,0,0,2013-07-06 20:26:18,2013-07-06 20:26:18
1389,6,35,142,0,238,,1,0,0,2013-07-06 20:27:29,2013-07-06 20:27:29
1390,3,13,100,0,184,,1,0,0,2013-07-06 20:31:54,2013-07-06 20:31:54
1391,1,61,0,0,0,まだありません,1,0,0,2013-07-06 20:38:30,2013-07-06 20:38:30
1392,1,62,0,0,0,,1,0,0,2013-07-06 20:38:30,2013-07-06 20:38:30
1393,1,63,0,0,0,,1,0,0,2013-07-06 20:38:30,2013-07-06 20:38:30
1394,1,64,0,0,0,,1,0,0,2013-07-06 20:38:30,2013-07-06 20:38:30
1395,1,65,0,0,0,,1,0,0,2013-07-06 20:38:30,2013-07-06 20:38:30
1396,5,68,111,0,236,,1,0,0,2013-07-06 20:59:57,2013-07-06 20:59:57
1397,5,69,119,0,252,,1,0,0,2013-07-06 21:01:10,2013-07-06 21:01:10
1398,5,70,124,0,220,,1,0,0,2013-07-06 21:01:42,2013-07-06 21:01:42
1399,1,7,0,0,0,,1,0,0,2013-07-06 21:22:17,2013-07-06 21:22:17
1400,1,40,0,0,0,,1,0,0,2013-07-06 21:24:25,2013-07-06 21:24:25
1401,1,41,0,0,0,,1,0,0,2013-07-06 21:25:04,2013-07-06 21:25:04
1402,1,29,0,0,0,,1,0,0,2013-07-06 21:26:57,2013-07-06 21:26:57
1403,157,1,169,0,601,,1,0,0,2013-07-07 08:05:28,2013-07-07 08:05:28
1404,158,1,169,0,625,,1,0,0,2013-07-07 08:06:02,2013-07-07 08:06:02
1405,159,1,104,0,357,,1,0,0,2013-07-07 08:07:12,2013-07-07 08:07:12
1406,160,1,146,0,258,,1,0,0,2013-07-07 08:08:28,2013-07-07 08:08:28
